USE [CVGS]
GO
INSERT [dbo].[AspNetRoles] ([Id], [Name], [NormalizedName], [ConcurrencyStamp]) VALUES (N'39c9cb2a-dff1-4387-bcb7-e717e9c7baa0', N'administrators', N'ADMINISTRATORS', N'25a33d92-de82-493e-bfca-9394dec82faf')
INSERT [dbo].[AspNetRoles] ([Id], [Name], [NormalizedName], [ConcurrencyStamp]) VALUES (N'597087dc-bb77-4393-8671-e8be68ee453a', N'members', N'MEMBERS', N'4e54e583-960f-4b4d-b325-71898fe26c4e')
INSERT [dbo].[AspNetRoles] ([Id], [Name], [NormalizedName], [ConcurrencyStamp]) VALUES (N'684a99d9-c322-4f2d-8800-0b95d5bb3d67', N'Employees', N'EMPLOYEES', N'aa966991-d204-4595-968a-33c01756658c')
INSERT [dbo].[Country] ([Code], [Alpha2Code], [EnglishName], [FrenchName]) VALUES (N'ABW', N'AW', N'ARUBA', N'ARUBA')
INSERT [dbo].[Country] ([Code], [Alpha2Code], [EnglishName], [FrenchName]) VALUES (N'AFG', N'AF', N'AFGHANISTAN', N'AFGHANISTAN')
INSERT [dbo].[Country] ([Code], [Alpha2Code], [EnglishName], [FrenchName]) VALUES (N'AGO', N'AO', N'ANGOLA', N'ANGOLA')
INSERT [dbo].[Country] ([Code], [Alpha2Code], [EnglishName], [FrenchName]) VALUES (N'AIA', N'AI', N'ANGUILLA', N'ANGUILLA')
INSERT [dbo].[Country] ([Code], [Alpha2Code], [EnglishName], [FrenchName]) VALUES (N'ALA', N'AX', N'ÅLAND ISLANDS', N'ÅLAND, ÎLES')
INSERT [dbo].[Country] ([Code], [Alpha2Code], [EnglishName], [FrenchName]) VALUES (N'ALB', N'AL', N'ALBANIA', N'ALBANIE')
INSERT [dbo].[Country] ([Code], [Alpha2Code], [EnglishName], [FrenchName]) VALUES (N'AND', N'AD', N'ANDORRA', N'ANDORRE')
INSERT [dbo].[Country] ([Code], [Alpha2Code], [EnglishName], [FrenchName]) VALUES (N'ANT', N'AN', N'NETHERLANDS ANTILLES', N'ANTILLES NÉERLANDAISES')
INSERT [dbo].[Country] ([Code], [Alpha2Code], [EnglishName], [FrenchName]) VALUES (N'ARE', N'AE', N'UNITED ARAB EMIRATES', N'ÉMIRATS ARABES UNIS')
INSERT [dbo].[Country] ([Code], [Alpha2Code], [EnglishName], [FrenchName]) VALUES (N'ARG', N'AR', N'ARGENTINA', N'ARGENTINE')
INSERT [dbo].[Country] ([Code], [Alpha2Code], [EnglishName], [FrenchName]) VALUES (N'ARM', N'AM', N'ARMENIA', N'ARMÉNIE')
INSERT [dbo].[Country] ([Code], [Alpha2Code], [EnglishName], [FrenchName]) VALUES (N'ASM', N'AS', N'AMERICAN SAMOA', N'SAMOA AMÉRICAINES')
INSERT [dbo].[Country] ([Code], [Alpha2Code], [EnglishName], [FrenchName]) VALUES (N'ATA', N'AQ', N'ANTARCTICA', N'ANTARCTIQUE')
INSERT [dbo].[Country] ([Code], [Alpha2Code], [EnglishName], [FrenchName]) VALUES (N'ATF', N'TF', N'FRENCH SOUTHERN TERRITORIES', N'TERRES AUSTRALES FRANÇAISES')
INSERT [dbo].[Country] ([Code], [Alpha2Code], [EnglishName], [FrenchName]) VALUES (N'ATG', N'AG', N'ANTIGUA AND BARBUDA', N'ANTIGUA-ET-BARBUDA')
INSERT [dbo].[Country] ([Code], [Alpha2Code], [EnglishName], [FrenchName]) VALUES (N'AUS', N'AU', N'AUSTRALIA', N'AUSTRALIE')
INSERT [dbo].[Country] ([Code], [Alpha2Code], [EnglishName], [FrenchName]) VALUES (N'AUT', N'AT', N'AUSTRIA', N'AUTRICHE')
INSERT [dbo].[Country] ([Code], [Alpha2Code], [EnglishName], [FrenchName]) VALUES (N'AZE', N'AZ', N'AZERBAIJAN', N'AZERBAÏDJAN')
INSERT [dbo].[Country] ([Code], [Alpha2Code], [EnglishName], [FrenchName]) VALUES (N'BDI', N'BI', N'BURUNDI', N'BURUNDI')
INSERT [dbo].[Country] ([Code], [Alpha2Code], [EnglishName], [FrenchName]) VALUES (N'BEL', N'BE', N'BELGIUM', N'BELGIQUE')
INSERT [dbo].[Country] ([Code], [Alpha2Code], [EnglishName], [FrenchName]) VALUES (N'BEN', N'BJ', N'BENIN', N'BÉNIN')
INSERT [dbo].[Country] ([Code], [Alpha2Code], [EnglishName], [FrenchName]) VALUES (N'BFA', N'BF', N'BURKINA FASO', N'BURKINA FASO')
INSERT [dbo].[Country] ([Code], [Alpha2Code], [EnglishName], [FrenchName]) VALUES (N'BGD', N'BD', N'BANGLADESH', N'BANGLADESH')
INSERT [dbo].[Country] ([Code], [Alpha2Code], [EnglishName], [FrenchName]) VALUES (N'BGR', N'BG', N'BULGARIA', N'BULGARIE')
INSERT [dbo].[Country] ([Code], [Alpha2Code], [EnglishName], [FrenchName]) VALUES (N'BHR', N'BH', N'BAHRAIN', N'BAHREÏN')
INSERT [dbo].[Country] ([Code], [Alpha2Code], [EnglishName], [FrenchName]) VALUES (N'BHS', N'BS', N'BAHAMAS', N'BAHAMAS')
INSERT [dbo].[Country] ([Code], [Alpha2Code], [EnglishName], [FrenchName]) VALUES (N'BIH', N'BA', N'BOSNIA AND HERZEGOVINA', N'BOSNIE-HERZÉGOVINE')
INSERT [dbo].[Country] ([Code], [Alpha2Code], [EnglishName], [FrenchName]) VALUES (N'BLM', N'BL', N'SAINT BARTHÉLEMY', N'SAINT-BARTHÉLEMY ')
INSERT [dbo].[Country] ([Code], [Alpha2Code], [EnglishName], [FrenchName]) VALUES (N'BLR', N'BY', N'BELARUS', N'BÉLARUS ')
INSERT [dbo].[Country] ([Code], [Alpha2Code], [EnglishName], [FrenchName]) VALUES (N'BLZ', N'BZ', N'BELIZE', N'BELIZE ')
INSERT [dbo].[Country] ([Code], [Alpha2Code], [EnglishName], [FrenchName]) VALUES (N'BMU', N'BM', N'BERMUDA', N'BERMUDES ')
INSERT [dbo].[Country] ([Code], [Alpha2Code], [EnglishName], [FrenchName]) VALUES (N'BOL', N'BO', N'BOLIVIA', N'BOLIVIE ')
INSERT [dbo].[Country] ([Code], [Alpha2Code], [EnglishName], [FrenchName]) VALUES (N'BRA', N'BR', N'BRAZIL', N'BRÉSIL ')
INSERT [dbo].[Country] ([Code], [Alpha2Code], [EnglishName], [FrenchName]) VALUES (N'BRB', N'BB', N'BARBADOS', N'BARBADE ')
INSERT [dbo].[Country] ([Code], [Alpha2Code], [EnglishName], [FrenchName]) VALUES (N'BRN', N'BN', N'BRUNEI DARUSSALAM', N'BRUNÉI DARUSSALAM ')
INSERT [dbo].[Country] ([Code], [Alpha2Code], [EnglishName], [FrenchName]) VALUES (N'BTN', N'BT', N'BHUTAN', N'BHOUTAN')
INSERT [dbo].[Country] ([Code], [Alpha2Code], [EnglishName], [FrenchName]) VALUES (N'BVT', N'BV', N'BOUVET ISLAND', N'BOUVET, ÏLE ')
INSERT [dbo].[Country] ([Code], [Alpha2Code], [EnglishName], [FrenchName]) VALUES (N'BWA', N'BW', N'BOTSWANA', N'BOTSWANA ')
INSERT [dbo].[Country] ([Code], [Alpha2Code], [EnglishName], [FrenchName]) VALUES (N'CAF', N'CF', N'CENTRAL AFRICAN REPUBLIC', N'CENTRAFRICAINE, RÉPUBLIQUE ')
INSERT [dbo].[Country] ([Code], [Alpha2Code], [EnglishName], [FrenchName]) VALUES (N'CAN', N'CA', N'CANADA', N'CANADA')
INSERT [dbo].[Country] ([Code], [Alpha2Code], [EnglishName], [FrenchName]) VALUES (N'CCK', N'CC', N'COCOS (KEELING) ISLANDS', N'COCOS (KEELING), ÎLES ')
INSERT [dbo].[Country] ([Code], [Alpha2Code], [EnglishName], [FrenchName]) VALUES (N'CHE', N'CH', N'SWITZERLAND', N'SUISSE ')
INSERT [dbo].[Country] ([Code], [Alpha2Code], [EnglishName], [FrenchName]) VALUES (N'CHL', N'CL', N'CHILE', N'CHILI ')
INSERT [dbo].[Country] ([Code], [Alpha2Code], [EnglishName], [FrenchName]) VALUES (N'CHN', N'CN', N'CHINA', N'CHINE ')
INSERT [dbo].[Country] ([Code], [Alpha2Code], [EnglishName], [FrenchName]) VALUES (N'CIV', N'CI', N'CÔTE D''''IVOIRE', N'CÔTE D''''IVOIRE ')
INSERT [dbo].[Country] ([Code], [Alpha2Code], [EnglishName], [FrenchName]) VALUES (N'CMR', N'CM', N'CAMEROON', N'CAMEROUN')
INSERT [dbo].[Country] ([Code], [Alpha2Code], [EnglishName], [FrenchName]) VALUES (N'COD', N'CD', N'CONGO, THE DEMOCRATIC REPUBLIC OF THE', N'CONGO, LA RÉPUBLIQUE DÉMOCRATIQUE DU ')
INSERT [dbo].[Country] ([Code], [Alpha2Code], [EnglishName], [FrenchName]) VALUES (N'COG', N'CG', N'CONGO', N'CONGO')
INSERT [dbo].[Country] ([Code], [Alpha2Code], [EnglishName], [FrenchName]) VALUES (N'COK', N'CK', N'COOK ISLANDS', N'COOK, ÎLES')
INSERT [dbo].[Country] ([Code], [Alpha2Code], [EnglishName], [FrenchName]) VALUES (N'COL', N'CO', N'COLOMBIA', N'COLOMBIE')
INSERT [dbo].[Country] ([Code], [Alpha2Code], [EnglishName], [FrenchName]) VALUES (N'COM', N'KM', N'COMOROS', N'COMORES')
INSERT [dbo].[Country] ([Code], [Alpha2Code], [EnglishName], [FrenchName]) VALUES (N'CPV', N'CV', N'CAPE VERDE', N'CAP-VERT')
INSERT [dbo].[Country] ([Code], [Alpha2Code], [EnglishName], [FrenchName]) VALUES (N'CRI', N'CR', N'COSTA RICA', N'COSTA RICA')
INSERT [dbo].[Country] ([Code], [Alpha2Code], [EnglishName], [FrenchName]) VALUES (N'CUB', N'CU', N'CUBA', N'CUBA')
INSERT [dbo].[Country] ([Code], [Alpha2Code], [EnglishName], [FrenchName]) VALUES (N'CXR', N'CX', N'CHRISTMAS ISLAND', N'CHRISTMAS, ÎLE')
INSERT [dbo].[Country] ([Code], [Alpha2Code], [EnglishName], [FrenchName]) VALUES (N'CYM', N'KY', N'CAYMAN ISLANDS', N'CAÏMANES, ÎLES')
INSERT [dbo].[Country] ([Code], [Alpha2Code], [EnglishName], [FrenchName]) VALUES (N'CYP', N'CY', N'CYPRUS', N'CHYPRE')
INSERT [dbo].[Country] ([Code], [Alpha2Code], [EnglishName], [FrenchName]) VALUES (N'CZE', N'CZ', N'CZECH REPUBLIC', N'TCHÈQUE, RÉPUBLIQUE')
INSERT [dbo].[Country] ([Code], [Alpha2Code], [EnglishName], [FrenchName]) VALUES (N'DEU', N'DE', N'GERMANY', N'ALLEMAGNE')
INSERT [dbo].[Country] ([Code], [Alpha2Code], [EnglishName], [FrenchName]) VALUES (N'DJI', N'DJ', N'DJIBOUTI', N'DJIBOUTI')
INSERT [dbo].[Country] ([Code], [Alpha2Code], [EnglishName], [FrenchName]) VALUES (N'DMA', N'DM', N'DOMINICA', N'DOMINIQUE')
INSERT [dbo].[Country] ([Code], [Alpha2Code], [EnglishName], [FrenchName]) VALUES (N'DNK', N'DK', N'DENMARK', N'DANEMARK')
INSERT [dbo].[Country] ([Code], [Alpha2Code], [EnglishName], [FrenchName]) VALUES (N'DOM', N'DO', N'DOMINICAN REPUBLIC', N'DOMINICAINE, RÉPUBLIQUE')
INSERT [dbo].[Country] ([Code], [Alpha2Code], [EnglishName], [FrenchName]) VALUES (N'DZA', N'DZ', N'ALGERIA', N'ALGÉRIE')
INSERT [dbo].[Country] ([Code], [Alpha2Code], [EnglishName], [FrenchName]) VALUES (N'ECU', N'EC', N'ECUADOR', N'ÉQUATEUR')
INSERT [dbo].[Country] ([Code], [Alpha2Code], [EnglishName], [FrenchName]) VALUES (N'EGY', N'EG', N'EGYPT', N'ÉGYPTE')
INSERT [dbo].[Country] ([Code], [Alpha2Code], [EnglishName], [FrenchName]) VALUES (N'ERI', N'ER', N'ERITREA', N'ÉRYTHRÉE')
INSERT [dbo].[Country] ([Code], [Alpha2Code], [EnglishName], [FrenchName]) VALUES (N'ESH', N'EH', N'WESTERN SAHARA', N'SAHARA OCCIDENTAL')
INSERT [dbo].[Country] ([Code], [Alpha2Code], [EnglishName], [FrenchName]) VALUES (N'ESP', N'ES', N'SPAIN', N'ESPAGNE')
INSERT [dbo].[Country] ([Code], [Alpha2Code], [EnglishName], [FrenchName]) VALUES (N'EST', N'EE', N'ESTONIA', N'ESTONIE')
INSERT [dbo].[Country] ([Code], [Alpha2Code], [EnglishName], [FrenchName]) VALUES (N'ETH', N'ET', N'ETHIOPIA', N'ÉTHIOPIE')
INSERT [dbo].[Country] ([Code], [Alpha2Code], [EnglishName], [FrenchName]) VALUES (N'FIN', N'FI', N'FINLAND', N'FINLANDE')
INSERT [dbo].[Country] ([Code], [Alpha2Code], [EnglishName], [FrenchName]) VALUES (N'FJI', N'FJ', N'FIJI', N'FIDJI')
INSERT [dbo].[Country] ([Code], [Alpha2Code], [EnglishName], [FrenchName]) VALUES (N'FLK', N'FK', N'FALKLAND ISLANDS (MALVINAS)', N'FALKLAND, ÎLES (MALVINAS)')
INSERT [dbo].[Country] ([Code], [Alpha2Code], [EnglishName], [FrenchName]) VALUES (N'FRA', N'FR', N'FRANCE', N'FRANCE')
INSERT [dbo].[Country] ([Code], [Alpha2Code], [EnglishName], [FrenchName]) VALUES (N'FRO', N'FO', N'FAROE ISLANDS', N'FÉROÉ, ÎLES')
INSERT [dbo].[Country] ([Code], [Alpha2Code], [EnglishName], [FrenchName]) VALUES (N'FSM', N'FM', N'MICRONESIA, FEDERATED STATES OF', N'MICRONÉSIE, ÉTATS FÉDÉRÉS DE')
INSERT [dbo].[Country] ([Code], [Alpha2Code], [EnglishName], [FrenchName]) VALUES (N'GAB', N'GA', N'GABON', N'GABON')
INSERT [dbo].[Country] ([Code], [Alpha2Code], [EnglishName], [FrenchName]) VALUES (N'GBR', N'GB', N'UNITED KINGDOM', N'ROYAUME-UNI')
INSERT [dbo].[Country] ([Code], [Alpha2Code], [EnglishName], [FrenchName]) VALUES (N'GEO', N'GE', N'GEORGIA', N'GÉORGIE')
INSERT [dbo].[Country] ([Code], [Alpha2Code], [EnglishName], [FrenchName]) VALUES (N'GGY', N'GG', N'GUERNSEY', N'GUERNESEY')
INSERT [dbo].[Country] ([Code], [Alpha2Code], [EnglishName], [FrenchName]) VALUES (N'GHA', N'GH', N'GHANA', N'GHANA')
INSERT [dbo].[Country] ([Code], [Alpha2Code], [EnglishName], [FrenchName]) VALUES (N'GIB', N'GI', N'GIBRALTAR', N'GIBRALTAR')
INSERT [dbo].[Country] ([Code], [Alpha2Code], [EnglishName], [FrenchName]) VALUES (N'GIN', N'GN', N'GUINEA', N'GUINÉE')
INSERT [dbo].[Country] ([Code], [Alpha2Code], [EnglishName], [FrenchName]) VALUES (N'GLP', N'GP', N'GUADELOUPE', N'GUADELOUPE')
INSERT [dbo].[Country] ([Code], [Alpha2Code], [EnglishName], [FrenchName]) VALUES (N'GMB', N'GM', N'GAMBIA', N'GAMBIE')
INSERT [dbo].[Country] ([Code], [Alpha2Code], [EnglishName], [FrenchName]) VALUES (N'GNE', N'GW', N'GUINEA-BISSAU', N'GUINÉE-BISSAU')
INSERT [dbo].[Country] ([Code], [Alpha2Code], [EnglishName], [FrenchName]) VALUES (N'GNQ', N'GQ', N'EQUATORIAL GUINEA', N'GUINÉE ÉQUATORIALE')
INSERT [dbo].[Country] ([Code], [Alpha2Code], [EnglishName], [FrenchName]) VALUES (N'GRC', N'GR', N'GREECE', N'GRÈCE')
INSERT [dbo].[Country] ([Code], [Alpha2Code], [EnglishName], [FrenchName]) VALUES (N'GRD', N'GD', N'GRENADA', N'GRENADE')
INSERT [dbo].[Country] ([Code], [Alpha2Code], [EnglishName], [FrenchName]) VALUES (N'GRL', N'GL', N'GREENLAND', N'GROENLAND')
INSERT [dbo].[Country] ([Code], [Alpha2Code], [EnglishName], [FrenchName]) VALUES (N'GTM', N'GT', N'GUATEMALA', N'GUATEMALA')
INSERT [dbo].[Country] ([Code], [Alpha2Code], [EnglishName], [FrenchName]) VALUES (N'GUF', N'GF', N'FRENCH GUIANA', N'GUYANE FRANÇAISE')
INSERT [dbo].[Country] ([Code], [Alpha2Code], [EnglishName], [FrenchName]) VALUES (N'GUM', N'GU', N'GUAM', N'GUAM')
INSERT [dbo].[Country] ([Code], [Alpha2Code], [EnglishName], [FrenchName]) VALUES (N'GUY', N'GY', N'GUYANA', N'GUYANA')
INSERT [dbo].[Country] ([Code], [Alpha2Code], [EnglishName], [FrenchName]) VALUES (N'HKG', N'HK', N'HONG KONG', N'HONG-KONG')
INSERT [dbo].[Country] ([Code], [Alpha2Code], [EnglishName], [FrenchName]) VALUES (N'HMD', N'HM', N'HEARD ISLAND AND MCDONALD ISLANDS', N'HEARD, ÎLE ET MCDONALD, ÎLES')
INSERT [dbo].[Country] ([Code], [Alpha2Code], [EnglishName], [FrenchName]) VALUES (N'HND', N'HN', N'HONDURAS', N'HONDURAS')
INSERT [dbo].[Country] ([Code], [Alpha2Code], [EnglishName], [FrenchName]) VALUES (N'HRV', N'HR', N'CROATIA', N'CROATIE')
INSERT [dbo].[Country] ([Code], [Alpha2Code], [EnglishName], [FrenchName]) VALUES (N'HTI', N'HT', N'HAITI', N'HAÏTI')
GO
INSERT [dbo].[Country] ([Code], [Alpha2Code], [EnglishName], [FrenchName]) VALUES (N'HUN', N'HU', N'HUNGARY', N'HONGRIE')
INSERT [dbo].[Country] ([Code], [Alpha2Code], [EnglishName], [FrenchName]) VALUES (N'IDN', N'ID', N'INDONESIA', N'INDONÉSIE')
INSERT [dbo].[Country] ([Code], [Alpha2Code], [EnglishName], [FrenchName]) VALUES (N'IMN', N'IM', N'ISLE OF MAN', N'ÎLE DE MAN')
INSERT [dbo].[Country] ([Code], [Alpha2Code], [EnglishName], [FrenchName]) VALUES (N'IND', N'IN', N'INDIA', N'INDE')
INSERT [dbo].[Country] ([Code], [Alpha2Code], [EnglishName], [FrenchName]) VALUES (N'IOT', N'IO', N'BRITISH INDIAN OCEAN TERRITORY', N'OCÉAN INDIEN, TERRITOIRE BRITANNIQUE DE L''''')
INSERT [dbo].[Country] ([Code], [Alpha2Code], [EnglishName], [FrenchName]) VALUES (N'IRL', N'IE', N'IRELAND', N'IRLANDE')
INSERT [dbo].[Country] ([Code], [Alpha2Code], [EnglishName], [FrenchName]) VALUES (N'IRN', N'IR', N'IRAN, ISLAMIC REPUBLIC OF', N'IRAN, RÉPUBLIQUE ISLAMIQUE D''''')
INSERT [dbo].[Country] ([Code], [Alpha2Code], [EnglishName], [FrenchName]) VALUES (N'IRQ', N'IQ', N'IRAQ', N'IRAQ')
INSERT [dbo].[Country] ([Code], [Alpha2Code], [EnglishName], [FrenchName]) VALUES (N'ISL', N'IS', N'ICELAND', N'ISLANDE')
INSERT [dbo].[Country] ([Code], [Alpha2Code], [EnglishName], [FrenchName]) VALUES (N'ISR', N'IL', N'ISRAEL', N'ISRAËL')
INSERT [dbo].[Country] ([Code], [Alpha2Code], [EnglishName], [FrenchName]) VALUES (N'ITA', N'IT', N'ITALY', N'ITALIE')
INSERT [dbo].[Country] ([Code], [Alpha2Code], [EnglishName], [FrenchName]) VALUES (N'JAM', N'JM', N'JAMAICA', N'JAMAÏQUE')
INSERT [dbo].[Country] ([Code], [Alpha2Code], [EnglishName], [FrenchName]) VALUES (N'JEY', N'JE', N'JERSEY', N'JERSEY')
INSERT [dbo].[Country] ([Code], [Alpha2Code], [EnglishName], [FrenchName]) VALUES (N'JOR', N'JO', N'JORDAN', N'JORDANIE')
INSERT [dbo].[Country] ([Code], [Alpha2Code], [EnglishName], [FrenchName]) VALUES (N'JPN', N'JP', N'JAPAN', N'JAPON')
INSERT [dbo].[Country] ([Code], [Alpha2Code], [EnglishName], [FrenchName]) VALUES (N'KAZ', N'KZ', N'KAZAKHSTAN', N'KAZAKHSTAN')
INSERT [dbo].[Country] ([Code], [Alpha2Code], [EnglishName], [FrenchName]) VALUES (N'KEN', N'KE', N'KENYA', N'KENYA')
INSERT [dbo].[Country] ([Code], [Alpha2Code], [EnglishName], [FrenchName]) VALUES (N'KGZ', N'KG', N'KYRGYZSTAN', N'KIRGHIZISTAN')
INSERT [dbo].[Country] ([Code], [Alpha2Code], [EnglishName], [FrenchName]) VALUES (N'KHM', N'KH', N'CAMBODIA', N'CAMBODGE')
INSERT [dbo].[Country] ([Code], [Alpha2Code], [EnglishName], [FrenchName]) VALUES (N'KIR', N'KI', N'KIRIBATI', N'KIRIBATI')
INSERT [dbo].[Country] ([Code], [Alpha2Code], [EnglishName], [FrenchName]) VALUES (N'KNA', N'KN', N'SAINT KITTS AND NEVIS', N'SAINT-KITTS-ET-NEVIS')
INSERT [dbo].[Country] ([Code], [Alpha2Code], [EnglishName], [FrenchName]) VALUES (N'KOR', N'KR', N'KOREA, REPUBLIC OF', N'CORÉE, RÉPUBLIQUE DE')
INSERT [dbo].[Country] ([Code], [Alpha2Code], [EnglishName], [FrenchName]) VALUES (N'KWT', N'KW', N'KUWAIT', N'KOWEÏT')
INSERT [dbo].[Country] ([Code], [Alpha2Code], [EnglishName], [FrenchName]) VALUES (N'LAO', N'LA', N'LAO PEOPLE''''S DEMOCRATIC REPUBLIC', N'LAO, RÉPUBLIQUE DÉMOCRATIQUE POPULAIRE')
INSERT [dbo].[Country] ([Code], [Alpha2Code], [EnglishName], [FrenchName]) VALUES (N'LBN', N'LB', N'LEBANON', N'LIBAN')
INSERT [dbo].[Country] ([Code], [Alpha2Code], [EnglishName], [FrenchName]) VALUES (N'LBR', N'LR', N'LIBERIA', N'LIBÉRIA')
INSERT [dbo].[Country] ([Code], [Alpha2Code], [EnglishName], [FrenchName]) VALUES (N'LBY', N'LY', N'LIBYAN ARAB JAMAHIRIYA', N'LIBYENNE, JAMAHIRIYA ARABE')
INSERT [dbo].[Country] ([Code], [Alpha2Code], [EnglishName], [FrenchName]) VALUES (N'LCA', N'LC', N'SAINT LUCIA', N'SAINTE-LUCIE')
INSERT [dbo].[Country] ([Code], [Alpha2Code], [EnglishName], [FrenchName]) VALUES (N'LIE', N'LI', N'LIECHTENSTEIN', N'LIECHTENSTEIN')
INSERT [dbo].[Country] ([Code], [Alpha2Code], [EnglishName], [FrenchName]) VALUES (N'LKA', N'LK', N'SRI LANKA', N'SRI LANKA')
INSERT [dbo].[Country] ([Code], [Alpha2Code], [EnglishName], [FrenchName]) VALUES (N'LSO', N'LS', N'LESOTHO', N'LESOTHO')
INSERT [dbo].[Country] ([Code], [Alpha2Code], [EnglishName], [FrenchName]) VALUES (N'LTU', N'LT', N'LITHUANIA', N'LITUANIE')
INSERT [dbo].[Country] ([Code], [Alpha2Code], [EnglishName], [FrenchName]) VALUES (N'LUX', N'LU', N'LUXEMBOURG', N'LUXEMBOURG')
INSERT [dbo].[Country] ([Code], [Alpha2Code], [EnglishName], [FrenchName]) VALUES (N'LVA', N'LV', N'LATVIA', N'LETTONIE')
INSERT [dbo].[Country] ([Code], [Alpha2Code], [EnglishName], [FrenchName]) VALUES (N'MAC', N'MO', N'MACAO', N'MACAO')
INSERT [dbo].[Country] ([Code], [Alpha2Code], [EnglishName], [FrenchName]) VALUES (N'MAF', N'MF', N'SAINT MARTIN', N'SAINT-MARTIN')
INSERT [dbo].[Country] ([Code], [Alpha2Code], [EnglishName], [FrenchName]) VALUES (N'MAR', N'MA', N'MOROCCO', N'MAROC')
INSERT [dbo].[Country] ([Code], [Alpha2Code], [EnglishName], [FrenchName]) VALUES (N'MCO', N'MC', N'MONACO', N'MONACO')
INSERT [dbo].[Country] ([Code], [Alpha2Code], [EnglishName], [FrenchName]) VALUES (N'MDA', N'MD', N'MOLDOVA, REPUBLIC OF', N'MOLDOVA, RÉPUBLIQUE DE')
INSERT [dbo].[Country] ([Code], [Alpha2Code], [EnglishName], [FrenchName]) VALUES (N'MDG', N'MG', N'MADAGASCAR', N'MADAGASCAR')
INSERT [dbo].[Country] ([Code], [Alpha2Code], [EnglishName], [FrenchName]) VALUES (N'MDV', N'MV', N'MALDIVES', N'MALDIVES')
INSERT [dbo].[Country] ([Code], [Alpha2Code], [EnglishName], [FrenchName]) VALUES (N'MEX', N'MX', N'MEXICO', N'MEXIQUE')
INSERT [dbo].[Country] ([Code], [Alpha2Code], [EnglishName], [FrenchName]) VALUES (N'MHL', N'MH', N'MARSHALL ISLANDS', N'MARSHALL, ÎLES')
INSERT [dbo].[Country] ([Code], [Alpha2Code], [EnglishName], [FrenchName]) VALUES (N'MKD', N'MK', N'MACEDONIA, THE FORMER YUGOSLAV REPUBLIC OF', N'MACÉDOINE, L''''EX-RÉPUBLIQUE YOUGOSLAVE DE')
INSERT [dbo].[Country] ([Code], [Alpha2Code], [EnglishName], [FrenchName]) VALUES (N'MLI', N'ML', N'MALI', N'MALI')
INSERT [dbo].[Country] ([Code], [Alpha2Code], [EnglishName], [FrenchName]) VALUES (N'MLT', N'MT', N'MALTA', N'MALTE')
INSERT [dbo].[Country] ([Code], [Alpha2Code], [EnglishName], [FrenchName]) VALUES (N'MMR', N'MM', N'MYANMAR', N'MYANMAR')
INSERT [dbo].[Country] ([Code], [Alpha2Code], [EnglishName], [FrenchName]) VALUES (N'MNE', N'ME', N'MONTENEGRO', N'MONTÉNÉGRO')
INSERT [dbo].[Country] ([Code], [Alpha2Code], [EnglishName], [FrenchName]) VALUES (N'MNG', N'MN', N'MONGOLIA', N'MONGOLIE')
INSERT [dbo].[Country] ([Code], [Alpha2Code], [EnglishName], [FrenchName]) VALUES (N'MNP', N'MP', N'NORTHERN MARIANA ISLANDS', N'MARIANNES DU NORD, ÎLES')
INSERT [dbo].[Country] ([Code], [Alpha2Code], [EnglishName], [FrenchName]) VALUES (N'MOZ', N'MZ', N'MOZAMBIQUE', N'MOZAMBIQUE')
INSERT [dbo].[Country] ([Code], [Alpha2Code], [EnglishName], [FrenchName]) VALUES (N'MRT', N'MR', N'MAURITANIA', N'MAURITANIE')
INSERT [dbo].[Country] ([Code], [Alpha2Code], [EnglishName], [FrenchName]) VALUES (N'MSR', N'MS', N'MONTSERRAT', N'MONTSERRAT')
INSERT [dbo].[Country] ([Code], [Alpha2Code], [EnglishName], [FrenchName]) VALUES (N'MTQ', N'MQ', N'MARTINIQUE', N'MARTINIQUE')
INSERT [dbo].[Country] ([Code], [Alpha2Code], [EnglishName], [FrenchName]) VALUES (N'MUS', N'MU', N'MAURITIUS', N'MAURICE')
INSERT [dbo].[Country] ([Code], [Alpha2Code], [EnglishName], [FrenchName]) VALUES (N'MWI', N'MW', N'MALAWI', N'MALAWI')
INSERT [dbo].[Country] ([Code], [Alpha2Code], [EnglishName], [FrenchName]) VALUES (N'MYS', N'MY', N'MALAYSIA', N'MALAISIE')
INSERT [dbo].[Country] ([Code], [Alpha2Code], [EnglishName], [FrenchName]) VALUES (N'MYT', N'YT', N'MAYOTTE', N'MAYOTTE')
INSERT [dbo].[Country] ([Code], [Alpha2Code], [EnglishName], [FrenchName]) VALUES (N'NAM', N'NA', N'NAMIBIA', N'NAMIBIE')
INSERT [dbo].[Country] ([Code], [Alpha2Code], [EnglishName], [FrenchName]) VALUES (N'NCL', N'NC', N'NEW CALEDONIA', N'NOUVELLE-CALÉDONIE')
INSERT [dbo].[Country] ([Code], [Alpha2Code], [EnglishName], [FrenchName]) VALUES (N'NER', N'NE', N'NIGER', N'NIGER')
INSERT [dbo].[Country] ([Code], [Alpha2Code], [EnglishName], [FrenchName]) VALUES (N'NFK', N'NF', N'NORFOLK ISLAND', N'NORFOLK, ÎLE')
INSERT [dbo].[Country] ([Code], [Alpha2Code], [EnglishName], [FrenchName]) VALUES (N'NGA', N'NG', N'NIGERIA', N'NIGÉRIA')
INSERT [dbo].[Country] ([Code], [Alpha2Code], [EnglishName], [FrenchName]) VALUES (N'NIC', N'NI', N'NICARAGUA', N'NICARAGUA')
INSERT [dbo].[Country] ([Code], [Alpha2Code], [EnglishName], [FrenchName]) VALUES (N'NIU', N'NU', N'NIUE', N'NIUÉ')
INSERT [dbo].[Country] ([Code], [Alpha2Code], [EnglishName], [FrenchName]) VALUES (N'NLD', N'NL', N'NETHERLANDS', N'PAYS-BAS')
INSERT [dbo].[Country] ([Code], [Alpha2Code], [EnglishName], [FrenchName]) VALUES (N'NOR', N'NO', N'NORWAY', N'NORVÈGE')
INSERT [dbo].[Country] ([Code], [Alpha2Code], [EnglishName], [FrenchName]) VALUES (N'NPL', N'NP', N'NEPAL', N'NÉPAL')
INSERT [dbo].[Country] ([Code], [Alpha2Code], [EnglishName], [FrenchName]) VALUES (N'NRU', N'NR', N'NAURU', N'NAURU')
INSERT [dbo].[Country] ([Code], [Alpha2Code], [EnglishName], [FrenchName]) VALUES (N'NZL', N'NZ', N'NEW ZEALAND', N'NOUVELLE-ZÉLANDE')
INSERT [dbo].[Country] ([Code], [Alpha2Code], [EnglishName], [FrenchName]) VALUES (N'OMN', N'OM', N'OMAN', N'OMAN')
INSERT [dbo].[Country] ([Code], [Alpha2Code], [EnglishName], [FrenchName]) VALUES (N'PAK', N'PK', N'PAKISTAN', N'PAKISTAN')
INSERT [dbo].[Country] ([Code], [Alpha2Code], [EnglishName], [FrenchName]) VALUES (N'PAN', N'PA', N'PANAMA', N'PANAMA')
INSERT [dbo].[Country] ([Code], [Alpha2Code], [EnglishName], [FrenchName]) VALUES (N'PCN', N'PN', N'PITCAIRN', N'PITCAIRN')
INSERT [dbo].[Country] ([Code], [Alpha2Code], [EnglishName], [FrenchName]) VALUES (N'PER', N'PE', N'PERU', N'PÉROU')
INSERT [dbo].[Country] ([Code], [Alpha2Code], [EnglishName], [FrenchName]) VALUES (N'PHL', N'PH', N'PHILIPPINES', N'PHILIPPINES')
INSERT [dbo].[Country] ([Code], [Alpha2Code], [EnglishName], [FrenchName]) VALUES (N'PLW', N'PW', N'PALAU', N'PALAOS')
INSERT [dbo].[Country] ([Code], [Alpha2Code], [EnglishName], [FrenchName]) VALUES (N'PNG', N'PG', N'PAPUA NEW GUINEA', N'PAPOUASIE-NOUVELLE-GUINÉE')
INSERT [dbo].[Country] ([Code], [Alpha2Code], [EnglishName], [FrenchName]) VALUES (N'POL', N'PL', N'POLAND', N'POLOGNE')
INSERT [dbo].[Country] ([Code], [Alpha2Code], [EnglishName], [FrenchName]) VALUES (N'PRI', N'PR', N'PUERTO RICO', N'PORTO RICO')
INSERT [dbo].[Country] ([Code], [Alpha2Code], [EnglishName], [FrenchName]) VALUES (N'PRK', N'KP', N'KOREA, DEMOCRATIC PEOPLE''''S REPUBLIC OF', N'CORÉE, RÉPUBLIQUE POPULAIRE DÉMOCRATIQUE DE')
INSERT [dbo].[Country] ([Code], [Alpha2Code], [EnglishName], [FrenchName]) VALUES (N'PRT', N'PT', N'PORTUGAL', N'PORTUGAL')
INSERT [dbo].[Country] ([Code], [Alpha2Code], [EnglishName], [FrenchName]) VALUES (N'PRY', N'PY', N'PARAGUAY', N'PARAGUAY')
INSERT [dbo].[Country] ([Code], [Alpha2Code], [EnglishName], [FrenchName]) VALUES (N'PSE', N'PS', N'PALESTINIAN TERRITORY, OCCUPIED', N'PALESTINIEN OCCUPÉ, TERRITOIRE')
INSERT [dbo].[Country] ([Code], [Alpha2Code], [EnglishName], [FrenchName]) VALUES (N'PYF', N'PF', N'FRENCH POLYNESIA', N'POLYNÉSIE FRANÇAISE')
INSERT [dbo].[Country] ([Code], [Alpha2Code], [EnglishName], [FrenchName]) VALUES (N'QAT', N'QA', N'QATAR', N'QATAR')
INSERT [dbo].[Country] ([Code], [Alpha2Code], [EnglishName], [FrenchName]) VALUES (N'REU', N'RE', N'REUNION', N'RÉUNION')
INSERT [dbo].[Country] ([Code], [Alpha2Code], [EnglishName], [FrenchName]) VALUES (N'ROU', N'RO', N'ROMANIA', N'ROUMANIE')
INSERT [dbo].[Country] ([Code], [Alpha2Code], [EnglishName], [FrenchName]) VALUES (N'RUS', N'RU', N'RUSSIAN FEDERATION', N'RUSSIE, FÉDÉRATION DE')
INSERT [dbo].[Country] ([Code], [Alpha2Code], [EnglishName], [FrenchName]) VALUES (N'RWA', N'RW', N'RWANDA', N'RWANDA')
INSERT [dbo].[Country] ([Code], [Alpha2Code], [EnglishName], [FrenchName]) VALUES (N'SAU', N'SA', N'SAUDI ARABIA', N'ARABIE SAOUDITE')
INSERT [dbo].[Country] ([Code], [Alpha2Code], [EnglishName], [FrenchName]) VALUES (N'SCA', N'TC', N'TURKS AND CAICOS ISLANDS', N'TURKS ET CAÏQUES, ÎLES')
INSERT [dbo].[Country] ([Code], [Alpha2Code], [EnglishName], [FrenchName]) VALUES (N'SDN', N'SD', N'SUDAN', N'SOUDAN')
INSERT [dbo].[Country] ([Code], [Alpha2Code], [EnglishName], [FrenchName]) VALUES (N'SEN', N'SN', N'SENEGAL', N'SÉNÉGAL')
INSERT [dbo].[Country] ([Code], [Alpha2Code], [EnglishName], [FrenchName]) VALUES (N'SGP', N'SG', N'SINGAPORE', N'SINGAPOUR')
INSERT [dbo].[Country] ([Code], [Alpha2Code], [EnglishName], [FrenchName]) VALUES (N'SGS', N'GS', N'SOUTH GEORGIA AND THE SOUTH SANDWICH ISLANDS', N'GÈORGIE DU SUD ET LES ÎLES SANDWICH DU SUD')
INSERT [dbo].[Country] ([Code], [Alpha2Code], [EnglishName], [FrenchName]) VALUES (N'SHN', N'SH', N'SAINT HELENA', N'SAINTE-HÉLÈNE')
INSERT [dbo].[Country] ([Code], [Alpha2Code], [EnglishName], [FrenchName]) VALUES (N'SJM', N'SJ', N'SVALBARD AND JAN MAYEN', N'SVALBARD ET ÎLE JAN MAYEN')
INSERT [dbo].[Country] ([Code], [Alpha2Code], [EnglishName], [FrenchName]) VALUES (N'SLB', N'SB', N'SOLOMON ISLANDS', N'SALOMON, ÎLES')
INSERT [dbo].[Country] ([Code], [Alpha2Code], [EnglishName], [FrenchName]) VALUES (N'SLE', N'SL', N'SIERRA LEONE', N'SIERRA LEONE')
GO
INSERT [dbo].[Country] ([Code], [Alpha2Code], [EnglishName], [FrenchName]) VALUES (N'SLV', N'SV', N'EL SALVADOR', N'EL SALVADOR')
INSERT [dbo].[Country] ([Code], [Alpha2Code], [EnglishName], [FrenchName]) VALUES (N'SMR', N'SM', N'SAN MARINO', N'SAINT-MARIN')
INSERT [dbo].[Country] ([Code], [Alpha2Code], [EnglishName], [FrenchName]) VALUES (N'SOM', N'SO', N'SOMALIA', N'SOMALIE')
INSERT [dbo].[Country] ([Code], [Alpha2Code], [EnglishName], [FrenchName]) VALUES (N'SPM', N'PM', N'SAINT PIERRE AND MIQUELON', N'SAINT-PIERRE-ET-MIQUELON')
INSERT [dbo].[Country] ([Code], [Alpha2Code], [EnglishName], [FrenchName]) VALUES (N'SRB', N'RS', N'SERBIA', N'SERBIE')
INSERT [dbo].[Country] ([Code], [Alpha2Code], [EnglishName], [FrenchName]) VALUES (N'STP', N'ST', N'SAO TOME AND PRINCIPE', N'SAO TOMÉ-ET-PRINCIPE')
INSERT [dbo].[Country] ([Code], [Alpha2Code], [EnglishName], [FrenchName]) VALUES (N'SUR', N'SR', N'SURINAME', N'SURINAME')
INSERT [dbo].[Country] ([Code], [Alpha2Code], [EnglishName], [FrenchName]) VALUES (N'SVK', N'SK', N'SLOVAKIA', N'SLOVAQUIE')
INSERT [dbo].[Country] ([Code], [Alpha2Code], [EnglishName], [FrenchName]) VALUES (N'SVN', N'SI', N'SLOVENIA', N'SLOVÉNIE')
INSERT [dbo].[Country] ([Code], [Alpha2Code], [EnglishName], [FrenchName]) VALUES (N'SWE', N'SE', N'SWEDEN', N'SUÈDE')
INSERT [dbo].[Country] ([Code], [Alpha2Code], [EnglishName], [FrenchName]) VALUES (N'SWZ', N'SZ', N'SWAZILAND', N'SWAZILAND')
INSERT [dbo].[Country] ([Code], [Alpha2Code], [EnglishName], [FrenchName]) VALUES (N'SYC', N'SC', N'SEYCHELLES', N'SEYCHELLES')
INSERT [dbo].[Country] ([Code], [Alpha2Code], [EnglishName], [FrenchName]) VALUES (N'SYR', N'SY', N'SYRIAN ARAB REPUBLIC', N'SYRIENNE, RÉPUBLIQUE ARABE')
INSERT [dbo].[Country] ([Code], [Alpha2Code], [EnglishName], [FrenchName]) VALUES (N'TCD', N'TD', N'CHAD', N'TCHAD')
INSERT [dbo].[Country] ([Code], [Alpha2Code], [EnglishName], [FrenchName]) VALUES (N'TGO', N'TG', N'TOGO', N'TOGO')
INSERT [dbo].[Country] ([Code], [Alpha2Code], [EnglishName], [FrenchName]) VALUES (N'THA', N'TH', N'THAILAND', N'THAÏLANDE')
INSERT [dbo].[Country] ([Code], [Alpha2Code], [EnglishName], [FrenchName]) VALUES (N'TJK', N'TJ', N'TAJIKISTAN', N'TADJIKISTAN')
INSERT [dbo].[Country] ([Code], [Alpha2Code], [EnglishName], [FrenchName]) VALUES (N'TKL', N'TK', N'TOKELAU', N'TOKELAU')
INSERT [dbo].[Country] ([Code], [Alpha2Code], [EnglishName], [FrenchName]) VALUES (N'TKM', N'TM', N'TURKMENISTAN', N'TURKMÉNISTAN')
INSERT [dbo].[Country] ([Code], [Alpha2Code], [EnglishName], [FrenchName]) VALUES (N'TLS', N'TL', N'TIMOR-LESTE', N'TIMOR-LESTE')
INSERT [dbo].[Country] ([Code], [Alpha2Code], [EnglishName], [FrenchName]) VALUES (N'TON', N'TO', N'TONGA', N'TONGA')
INSERT [dbo].[Country] ([Code], [Alpha2Code], [EnglishName], [FrenchName]) VALUES (N'TTO', N'TT', N'TRINIDAD AND TOBAGO', N'TRINITÉ-ET-TOBAGO')
INSERT [dbo].[Country] ([Code], [Alpha2Code], [EnglishName], [FrenchName]) VALUES (N'TUN', N'TN', N'TUNISIA', N'TUNISIE')
INSERT [dbo].[Country] ([Code], [Alpha2Code], [EnglishName], [FrenchName]) VALUES (N'TUR', N'TR', N'TURKEY', N'TURQUIE')
INSERT [dbo].[Country] ([Code], [Alpha2Code], [EnglishName], [FrenchName]) VALUES (N'TUV', N'TV', N'TUVALU', N'TUVALU')
INSERT [dbo].[Country] ([Code], [Alpha2Code], [EnglishName], [FrenchName]) VALUES (N'TWN', N'TW', N'TAIWAN, PROVINCE OF CHINA', N'TAÏWAN, PROVINCE DE CHINE')
INSERT [dbo].[Country] ([Code], [Alpha2Code], [EnglishName], [FrenchName]) VALUES (N'TZA', N'TZ', N'TANZANIA, UNITED REPUBLIC OF', N'TANZANIE, RÉPUBLIQUE-UNIE DE')
INSERT [dbo].[Country] ([Code], [Alpha2Code], [EnglishName], [FrenchName]) VALUES (N'UGA', N'UG', N'UGANDA', N'OUGANDA')
INSERT [dbo].[Country] ([Code], [Alpha2Code], [EnglishName], [FrenchName]) VALUES (N'UKR', N'UA', N'UKRAINE', N'UKRAINE')
INSERT [dbo].[Country] ([Code], [Alpha2Code], [EnglishName], [FrenchName]) VALUES (N'UMI', N'UM', N'UNITED STATES MINOR OUTLYING ISLANDS', N'ÎLES MINEURES ÉLOIGNÉES DES ÉTATS-UNIS')
INSERT [dbo].[Country] ([Code], [Alpha2Code], [EnglishName], [FrenchName]) VALUES (N'URY', N'UY', N'URUGUAY', N'URUGUAY')
INSERT [dbo].[Country] ([Code], [Alpha2Code], [EnglishName], [FrenchName]) VALUES (N'USA', N'US', N'UNITED STATES', N'ÉTATS-UNIS')
INSERT [dbo].[Country] ([Code], [Alpha2Code], [EnglishName], [FrenchName]) VALUES (N'UZB', N'UZ', N'UZBEKISTAN', N'OUZBÉKISTAN')
INSERT [dbo].[Country] ([Code], [Alpha2Code], [EnglishName], [FrenchName]) VALUES (N'VAT', N'VA', N'HOLY SEE (VATICAN CITY STATE)', N'SAINT-SIÈGE (ÉTAT DE LA CITÉ DU VATICAN)')
INSERT [dbo].[Country] ([Code], [Alpha2Code], [EnglishName], [FrenchName]) VALUES (N'VCT', N'VC', N'SAINT VINCENT AND THE GRENADINES', N'SAINT-VINCENT-ET-LES GRENADINES')
INSERT [dbo].[Country] ([Code], [Alpha2Code], [EnglishName], [FrenchName]) VALUES (N'VEN', N'VE', N'VENEZUELA', N'VENEZUELA')
INSERT [dbo].[Country] ([Code], [Alpha2Code], [EnglishName], [FrenchName]) VALUES (N'VGB', N'VG', N'VIRGIN ISLANDS, BRITISH', N'ÎLES VIERGES BRITANNIQUES')
INSERT [dbo].[Country] ([Code], [Alpha2Code], [EnglishName], [FrenchName]) VALUES (N'VIR', N'VI', N'VIRGIN ISLANDS, U.S.', N'ÎLES VIERGES DES ÉTATS-UNIS')
INSERT [dbo].[Country] ([Code], [Alpha2Code], [EnglishName], [FrenchName]) VALUES (N'VNM', N'VN', N'VIET NAM', N'VIET NAM')
INSERT [dbo].[Country] ([Code], [Alpha2Code], [EnglishName], [FrenchName]) VALUES (N'VUT', N'VU', N'VANUATU', N'VANUATU')
INSERT [dbo].[Country] ([Code], [Alpha2Code], [EnglishName], [FrenchName]) VALUES (N'WLF', N'WF', N'WALLIS AND FUTUNA', N'WALLIS ET FUTUNA')
INSERT [dbo].[Country] ([Code], [Alpha2Code], [EnglishName], [FrenchName]) VALUES (N'WSM', N'WS', N'SAMOA', N'SAMOA')
INSERT [dbo].[Country] ([Code], [Alpha2Code], [EnglishName], [FrenchName]) VALUES (N'YEM', N'YE', N'YEMEN', N'YÉMEN')
INSERT [dbo].[Country] ([Code], [Alpha2Code], [EnglishName], [FrenchName]) VALUES (N'ZAF', N'ZA', N'SOUTH AFRICA', N'AFRIQUE DU SUD')
INSERT [dbo].[Country] ([Code], [Alpha2Code], [EnglishName], [FrenchName]) VALUES (N'ZMB', N'ZM', N'ZAMBIA', N'ZAMBIE')
INSERT [dbo].[Country] ([Code], [Alpha2Code], [EnglishName], [FrenchName]) VALUES (N'ZWE', N'ZW', N'ZIMBABWE', N'ZIMBABWE')
INSERT [dbo].[Province] ([Code], [CountryCode], [EnglishName], [FrenchName], [FederalTax], [FederalTaxAcronym], [ProvincialTax], [ProvincialTaxAcronym], [PstOnGst]) VALUES (N'AA', N'USA', N'ARMED FORCES AMERICAS(EXCEPT CANADA)', N'ARMED FORCES AMERICAS(EXCEPT CANADA)', 0, NULL, 0, NULL, 0)
INSERT [dbo].[Province] ([Code], [CountryCode], [EnglishName], [FrenchName], [FederalTax], [FederalTaxAcronym], [ProvincialTax], [ProvincialTaxAcronym], [PstOnGst]) VALUES (N'AB', N'CAN', N'ALBERTA', N'ALBERTA', 5, N'GST       ', 0, N'NULL      ', 0)
INSERT [dbo].[Province] ([Code], [CountryCode], [EnglishName], [FrenchName], [FederalTax], [FederalTaxAcronym], [ProvincialTax], [ProvincialTaxAcronym], [PstOnGst]) VALUES (N'AE', N'USA', N'ARMED FORCES AFRICA CANADA EUROPE MIDDLE EAST', N'ARMED FORCES AFRICA CANADA EUROPE MIDDLE EAST', 0, NULL, 0, NULL, 0)
INSERT [dbo].[Province] ([Code], [CountryCode], [EnglishName], [FrenchName], [FederalTax], [FederalTaxAcronym], [ProvincialTax], [ProvincialTaxAcronym], [PstOnGst]) VALUES (N'AK', N'USA', N'ALASKA', N'ALASKA', 0, NULL, 0, NULL, 0)
INSERT [dbo].[Province] ([Code], [CountryCode], [EnglishName], [FrenchName], [FederalTax], [FederalTaxAcronym], [ProvincialTax], [ProvincialTaxAcronym], [PstOnGst]) VALUES (N'AL', N'USA', N'ALABAMA', N'ALABAMA', 0, NULL, 0, NULL, 0)
INSERT [dbo].[Province] ([Code], [CountryCode], [EnglishName], [FrenchName], [FederalTax], [FederalTaxAcronym], [ProvincialTax], [ProvincialTaxAcronym], [PstOnGst]) VALUES (N'AP', N'USA', N'ARMED FORCES PACIFIC', N'ARMED FORCES PACIFIC', 0, NULL, 0, NULL, 0)
INSERT [dbo].[Province] ([Code], [CountryCode], [EnglishName], [FrenchName], [FederalTax], [FederalTaxAcronym], [ProvincialTax], [ProvincialTaxAcronym], [PstOnGst]) VALUES (N'AR', N'USA', N'ARKANSAS', N'ARKANSAS', 0, NULL, 0, NULL, 0)
INSERT [dbo].[Province] ([Code], [CountryCode], [EnglishName], [FrenchName], [FederalTax], [FederalTaxAcronym], [ProvincialTax], [ProvincialTaxAcronym], [PstOnGst]) VALUES (N'AS', N'USA', N'AMERICAN SAMOA', N'AMERICAN SAMOA', 0, NULL, 0, NULL, 0)
INSERT [dbo].[Province] ([Code], [CountryCode], [EnglishName], [FrenchName], [FederalTax], [FederalTaxAcronym], [ProvincialTax], [ProvincialTaxAcronym], [PstOnGst]) VALUES (N'AZ', N'USA', N'ARIZONA', N'ARIZONA', 0, NULL, 0, NULL, 0)
INSERT [dbo].[Province] ([Code], [CountryCode], [EnglishName], [FrenchName], [FederalTax], [FederalTaxAcronym], [ProvincialTax], [ProvincialTaxAcronym], [PstOnGst]) VALUES (N'BC', N'CAN', N'BRITISH COLUMBIA', N'COLOMBIE-BRITANNIQUE', 5, N'GST       ', 7, N'SST       ', 0)
INSERT [dbo].[Province] ([Code], [CountryCode], [EnglishName], [FrenchName], [FederalTax], [FederalTaxAcronym], [ProvincialTax], [ProvincialTaxAcronym], [PstOnGst]) VALUES (N'CA', N'USA', N'CALIFORNIA', N'CALIFORNIA', 0, NULL, 0, NULL, 0)
INSERT [dbo].[Province] ([Code], [CountryCode], [EnglishName], [FrenchName], [FederalTax], [FederalTaxAcronym], [ProvincialTax], [ProvincialTaxAcronym], [PstOnGst]) VALUES (N'CO', N'USA', N'COLORADO', N'COLORADO', 0, NULL, 0, NULL, 0)
INSERT [dbo].[Province] ([Code], [CountryCode], [EnglishName], [FrenchName], [FederalTax], [FederalTaxAcronym], [ProvincialTax], [ProvincialTaxAcronym], [PstOnGst]) VALUES (N'CT', N'USA', N'CONNECTICUT', N'CONNECTICUT', 0, NULL, 0, NULL, 0)
INSERT [dbo].[Province] ([Code], [CountryCode], [EnglishName], [FrenchName], [FederalTax], [FederalTaxAcronym], [ProvincialTax], [ProvincialTaxAcronym], [PstOnGst]) VALUES (N'DC', N'USA', N'DISTRICT OF COLUMBIA', N'DISTRICT OF COLUMBIA', 0, NULL, 0, NULL, 0)
INSERT [dbo].[Province] ([Code], [CountryCode], [EnglishName], [FrenchName], [FederalTax], [FederalTaxAcronym], [ProvincialTax], [ProvincialTaxAcronym], [PstOnGst]) VALUES (N'DE', N'USA', N'DELAWARE', N'DELAWARE', 0, NULL, 0, NULL, 0)
INSERT [dbo].[Province] ([Code], [CountryCode], [EnglishName], [FrenchName], [FederalTax], [FederalTaxAcronym], [ProvincialTax], [ProvincialTaxAcronym], [PstOnGst]) VALUES (N'FL', N'USA', N'FLORIDA', N'FLORIDA', 0, NULL, 0, NULL, 0)
INSERT [dbo].[Province] ([Code], [CountryCode], [EnglishName], [FrenchName], [FederalTax], [FederalTaxAcronym], [ProvincialTax], [ProvincialTaxAcronym], [PstOnGst]) VALUES (N'FM', N'USA', N'MICRONESIA (FEDERATED STATES OF)', N'MICRONESIA (FEDERATED STATES OF)', 0, NULL, 0, NULL, 0)
INSERT [dbo].[Province] ([Code], [CountryCode], [EnglishName], [FrenchName], [FederalTax], [FederalTaxAcronym], [ProvincialTax], [ProvincialTaxAcronym], [PstOnGst]) VALUES (N'GA', N'USA', N'GEORGIA', N'GEORGIA', 0, NULL, 0, NULL, 0)
INSERT [dbo].[Province] ([Code], [CountryCode], [EnglishName], [FrenchName], [FederalTax], [FederalTaxAcronym], [ProvincialTax], [ProvincialTaxAcronym], [PstOnGst]) VALUES (N'GU', N'USA', N'GUAM', N'GUAM', 0, NULL, 0, NULL, 0)
INSERT [dbo].[Province] ([Code], [CountryCode], [EnglishName], [FrenchName], [FederalTax], [FederalTaxAcronym], [ProvincialTax], [ProvincialTaxAcronym], [PstOnGst]) VALUES (N'HI', N'USA', N'HAWAII', N'HAWAII', 0, NULL, 0, NULL, 0)
INSERT [dbo].[Province] ([Code], [CountryCode], [EnglishName], [FrenchName], [FederalTax], [FederalTaxAcronym], [ProvincialTax], [ProvincialTaxAcronym], [PstOnGst]) VALUES (N'IA', N'USA', N'IOWA', N'IOWA', 0, NULL, 0, NULL, 0)
INSERT [dbo].[Province] ([Code], [CountryCode], [EnglishName], [FrenchName], [FederalTax], [FederalTaxAcronym], [ProvincialTax], [ProvincialTaxAcronym], [PstOnGst]) VALUES (N'ID', N'USA', N'IDAHO', N'IDAHO', 0, NULL, 0, NULL, 0)
INSERT [dbo].[Province] ([Code], [CountryCode], [EnglishName], [FrenchName], [FederalTax], [FederalTaxAcronym], [ProvincialTax], [ProvincialTaxAcronym], [PstOnGst]) VALUES (N'IL', N'USA', N'ILLINOIS', N'ILLINOIS', 0, NULL, 0, NULL, 0)
INSERT [dbo].[Province] ([Code], [CountryCode], [EnglishName], [FrenchName], [FederalTax], [FederalTaxAcronym], [ProvincialTax], [ProvincialTaxAcronym], [PstOnGst]) VALUES (N'IN', N'USA', N'INDIANA', N'INDIANA', 0, NULL, 0, NULL, 0)
INSERT [dbo].[Province] ([Code], [CountryCode], [EnglishName], [FrenchName], [FederalTax], [FederalTaxAcronym], [ProvincialTax], [ProvincialTaxAcronym], [PstOnGst]) VALUES (N'KS', N'USA', N'KANSAS', N'KANSAS', 0, NULL, 0, NULL, 0)
INSERT [dbo].[Province] ([Code], [CountryCode], [EnglishName], [FrenchName], [FederalTax], [FederalTaxAcronym], [ProvincialTax], [ProvincialTaxAcronym], [PstOnGst]) VALUES (N'KY', N'USA', N'KENTUCKY', N'KENTUCKY', 0, NULL, 0, NULL, 0)
INSERT [dbo].[Province] ([Code], [CountryCode], [EnglishName], [FrenchName], [FederalTax], [FederalTaxAcronym], [ProvincialTax], [ProvincialTaxAcronym], [PstOnGst]) VALUES (N'LA', N'USA', N'LOUISIANA', N'LOUISIANA', 0, NULL, 0, NULL, 0)
INSERT [dbo].[Province] ([Code], [CountryCode], [EnglishName], [FrenchName], [FederalTax], [FederalTaxAcronym], [ProvincialTax], [ProvincialTaxAcronym], [PstOnGst]) VALUES (N'MA', N'USA', N'MASSACHUSETTS', N'MASSACHUSETTS', 0, NULL, 0, NULL, 0)
INSERT [dbo].[Province] ([Code], [CountryCode], [EnglishName], [FrenchName], [FederalTax], [FederalTaxAcronym], [ProvincialTax], [ProvincialTaxAcronym], [PstOnGst]) VALUES (N'MB', N'CAN', N'MANITOBA', N'MANITOBA', 5, N'GST       ', 7, N'PST       ', 0)
INSERT [dbo].[Province] ([Code], [CountryCode], [EnglishName], [FrenchName], [FederalTax], [FederalTaxAcronym], [ProvincialTax], [ProvincialTaxAcronym], [PstOnGst]) VALUES (N'MD', N'USA', N'MARYLAND', N'MARYLAND', 0, NULL, 0, NULL, 0)
INSERT [dbo].[Province] ([Code], [CountryCode], [EnglishName], [FrenchName], [FederalTax], [FederalTaxAcronym], [ProvincialTax], [ProvincialTaxAcronym], [PstOnGst]) VALUES (N'ME', N'USA', N'MAINE', N'MAINE', 0, NULL, 0, NULL, 0)
INSERT [dbo].[Province] ([Code], [CountryCode], [EnglishName], [FrenchName], [FederalTax], [FederalTaxAcronym], [ProvincialTax], [ProvincialTaxAcronym], [PstOnGst]) VALUES (N'MH', N'USA', N'MARSHALL ISLANDS', N'MARSHALL ISLANDS', 0, NULL, 0, NULL, 0)
INSERT [dbo].[Province] ([Code], [CountryCode], [EnglishName], [FrenchName], [FederalTax], [FederalTaxAcronym], [ProvincialTax], [ProvincialTaxAcronym], [PstOnGst]) VALUES (N'MI', N'USA', N'MICHIGAN', N'MICHIGAN', 0, NULL, 0, NULL, 0)
INSERT [dbo].[Province] ([Code], [CountryCode], [EnglishName], [FrenchName], [FederalTax], [FederalTaxAcronym], [ProvincialTax], [ProvincialTaxAcronym], [PstOnGst]) VALUES (N'MN', N'USA', N'MINNESOTA', N'MINNESOTA', 0, NULL, 0, NULL, 0)
INSERT [dbo].[Province] ([Code], [CountryCode], [EnglishName], [FrenchName], [FederalTax], [FederalTaxAcronym], [ProvincialTax], [ProvincialTaxAcronym], [PstOnGst]) VALUES (N'MO', N'USA', N'MISSOURI', N'MISSOURI', 0, NULL, 0, NULL, 0)
INSERT [dbo].[Province] ([Code], [CountryCode], [EnglishName], [FrenchName], [FederalTax], [FederalTaxAcronym], [ProvincialTax], [ProvincialTaxAcronym], [PstOnGst]) VALUES (N'MP', N'USA', N'NORTHERN MARIANA ISLANDS', N'NORTHERN MARIANA ISLANDS', 0, NULL, 0, NULL, 0)
INSERT [dbo].[Province] ([Code], [CountryCode], [EnglishName], [FrenchName], [FederalTax], [FederalTaxAcronym], [ProvincialTax], [ProvincialTaxAcronym], [PstOnGst]) VALUES (N'MS', N'USA', N'MISSISSIPPI', N'MISSISSIPPI', 0, NULL, 0, NULL, 0)
INSERT [dbo].[Province] ([Code], [CountryCode], [EnglishName], [FrenchName], [FederalTax], [FederalTaxAcronym], [ProvincialTax], [ProvincialTaxAcronym], [PstOnGst]) VALUES (N'MT', N'USA', N'MONTANA', N'MONTANA', 0, NULL, 0, NULL, 0)
INSERT [dbo].[Province] ([Code], [CountryCode], [EnglishName], [FrenchName], [FederalTax], [FederalTaxAcronym], [ProvincialTax], [ProvincialTaxAcronym], [PstOnGst]) VALUES (N'NB', N'CAN', N'NEW BRUNSWICK', N'NOUVEAU-BRUNSWICK', 13, N'HST       ', 0, NULL, 0)
INSERT [dbo].[Province] ([Code], [CountryCode], [EnglishName], [FrenchName], [FederalTax], [FederalTaxAcronym], [ProvincialTax], [ProvincialTaxAcronym], [PstOnGst]) VALUES (N'NC', N'USA', N'NORTH CAROLINA', N'NORTH CAROLINA', 0, NULL, 0, NULL, 0)
INSERT [dbo].[Province] ([Code], [CountryCode], [EnglishName], [FrenchName], [FederalTax], [FederalTaxAcronym], [ProvincialTax], [ProvincialTaxAcronym], [PstOnGst]) VALUES (N'ND', N'USA', N'NORTH DAKOTA', N'NORTH DAKOTA', 0, NULL, 0, NULL, 0)
INSERT [dbo].[Province] ([Code], [CountryCode], [EnglishName], [FrenchName], [FederalTax], [FederalTaxAcronym], [ProvincialTax], [ProvincialTaxAcronym], [PstOnGst]) VALUES (N'NE', N'USA', N'NEBRASKA', N'NEBRASKA', 0, NULL, 0, NULL, 0)
INSERT [dbo].[Province] ([Code], [CountryCode], [EnglishName], [FrenchName], [FederalTax], [FederalTaxAcronym], [ProvincialTax], [ProvincialTaxAcronym], [PstOnGst]) VALUES (N'NH', N'USA', N'NEW HAMPSHIRE', N'NEW HAMPSHIRE', 0, NULL, 0, NULL, 0)
INSERT [dbo].[Province] ([Code], [CountryCode], [EnglishName], [FrenchName], [FederalTax], [FederalTaxAcronym], [ProvincialTax], [ProvincialTaxAcronym], [PstOnGst]) VALUES (N'NJ', N'USA', N'NEW JERSEY', N'NEW JERSEY', 0, NULL, 0, NULL, 0)
INSERT [dbo].[Province] ([Code], [CountryCode], [EnglishName], [FrenchName], [FederalTax], [FederalTaxAcronym], [ProvincialTax], [ProvincialTaxAcronym], [PstOnGst]) VALUES (N'NL', N'CAN', N'NEWFOUNDLAND AND LABRADOR', N'TERRE-NEUVE-ET-LABRADOR', 13, N'HST       ', 0, N'NULL      ', 0)
INSERT [dbo].[Province] ([Code], [CountryCode], [EnglishName], [FrenchName], [FederalTax], [FederalTaxAcronym], [ProvincialTax], [ProvincialTaxAcronym], [PstOnGst]) VALUES (N'NM', N'USA', N'NEW MEXICO', N'NEW MEXICO', 0, NULL, 0, NULL, 0)
INSERT [dbo].[Province] ([Code], [CountryCode], [EnglishName], [FrenchName], [FederalTax], [FederalTaxAcronym], [ProvincialTax], [ProvincialTaxAcronym], [PstOnGst]) VALUES (N'NS', N'CAN', N'NOVA SCOTIA', N'NOUVELLE-ÉCOSSE', 13, N'HST       ', 0, N'NULL      ', 0)
INSERT [dbo].[Province] ([Code], [CountryCode], [EnglishName], [FrenchName], [FederalTax], [FederalTaxAcronym], [ProvincialTax], [ProvincialTaxAcronym], [PstOnGst]) VALUES (N'NT', N'CAN', N'NORTHWEST TERRITORIES', N'TERRITOIRES DU NORD-OUEST', 5, N'GST       ', 0, N'NULL      ', 0)
INSERT [dbo].[Province] ([Code], [CountryCode], [EnglishName], [FrenchName], [FederalTax], [FederalTaxAcronym], [ProvincialTax], [ProvincialTaxAcronym], [PstOnGst]) VALUES (N'NU', N'CAN', N'NUNAVUT', N'NUNAVUT', 5, N'GST       ', 0, N'NULL      ', 0)
INSERT [dbo].[Province] ([Code], [CountryCode], [EnglishName], [FrenchName], [FederalTax], [FederalTaxAcronym], [ProvincialTax], [ProvincialTaxAcronym], [PstOnGst]) VALUES (N'NV', N'USA', N'NEVADA', N'NEVADA', 0, NULL, 0, NULL, 0)
INSERT [dbo].[Province] ([Code], [CountryCode], [EnglishName], [FrenchName], [FederalTax], [FederalTaxAcronym], [ProvincialTax], [ProvincialTaxAcronym], [PstOnGst]) VALUES (N'NY', N'USA', N'NEW YORK', N'NEW YORK', 0, NULL, 0, NULL, 0)
INSERT [dbo].[Province] ([Code], [CountryCode], [EnglishName], [FrenchName], [FederalTax], [FederalTaxAcronym], [ProvincialTax], [ProvincialTaxAcronym], [PstOnGst]) VALUES (N'OH', N'USA', N'OHIO', N'OHIO', 0, NULL, 0, NULL, 0)
INSERT [dbo].[Province] ([Code], [CountryCode], [EnglishName], [FrenchName], [FederalTax], [FederalTaxAcronym], [ProvincialTax], [ProvincialTaxAcronym], [PstOnGst]) VALUES (N'OK', N'USA', N'OKLAHOMA', N'OKLAHOMA', 0, NULL, 0, NULL, 0)
INSERT [dbo].[Province] ([Code], [CountryCode], [EnglishName], [FrenchName], [FederalTax], [FederalTaxAcronym], [ProvincialTax], [ProvincialTaxAcronym], [PstOnGst]) VALUES (N'ON', N'CAN', N'ONTARIO', N'ONTARIO', 5, N'GST       ', 8, N'PST       ', 0)
INSERT [dbo].[Province] ([Code], [CountryCode], [EnglishName], [FrenchName], [FederalTax], [FederalTaxAcronym], [ProvincialTax], [ProvincialTaxAcronym], [PstOnGst]) VALUES (N'OR', N'USA', N'OREGON', N'OREGON', 0, NULL, 0, NULL, 0)
INSERT [dbo].[Province] ([Code], [CountryCode], [EnglishName], [FrenchName], [FederalTax], [FederalTaxAcronym], [ProvincialTax], [ProvincialTaxAcronym], [PstOnGst]) VALUES (N'PA', N'USA', N'PENNSYLVANIA', N'PENNSYLVANIA', 0, NULL, 0, NULL, 0)
INSERT [dbo].[Province] ([Code], [CountryCode], [EnglishName], [FrenchName], [FederalTax], [FederalTaxAcronym], [ProvincialTax], [ProvincialTaxAcronym], [PstOnGst]) VALUES (N'PE', N'CAN', N'PRINCE EDWARD ISLAND', N'ÎLE-DU-PRINCE-ÉDOUARD', 5, N'GST       ', 10, N'PST       ', 1)
INSERT [dbo].[Province] ([Code], [CountryCode], [EnglishName], [FrenchName], [FederalTax], [FederalTaxAcronym], [ProvincialTax], [ProvincialTaxAcronym], [PstOnGst]) VALUES (N'PR', N'USA', N'PUERTO RICO', N'PUERTO RICO', 0, NULL, 0, NULL, 0)
INSERT [dbo].[Province] ([Code], [CountryCode], [EnglishName], [FrenchName], [FederalTax], [FederalTaxAcronym], [ProvincialTax], [ProvincialTaxAcronym], [PstOnGst]) VALUES (N'PW', N'USA', N'PALAU', N'PALAU', 0, NULL, 0, NULL, 0)
INSERT [dbo].[Province] ([Code], [CountryCode], [EnglishName], [FrenchName], [FederalTax], [FederalTaxAcronym], [ProvincialTax], [ProvincialTaxAcronym], [PstOnGst]) VALUES (N'QC', N'CAN', N'QUÉBEC', N'QUÉBEC', 5, N'GST       ', 7.5, N'QST       ', 1)
INSERT [dbo].[Province] ([Code], [CountryCode], [EnglishName], [FrenchName], [FederalTax], [FederalTaxAcronym], [ProvincialTax], [ProvincialTaxAcronym], [PstOnGst]) VALUES (N'RI', N'USA', N'RHODE ISLAND', N'RHODE ISLAND', 0, NULL, 0, NULL, 0)
INSERT [dbo].[Province] ([Code], [CountryCode], [EnglishName], [FrenchName], [FederalTax], [FederalTaxAcronym], [ProvincialTax], [ProvincialTaxAcronym], [PstOnGst]) VALUES (N'SC', N'USA', N'SOUTH CAROLINA', N'SOUTH CAROLINA', 0, NULL, 0, NULL, 0)
INSERT [dbo].[Province] ([Code], [CountryCode], [EnglishName], [FrenchName], [FederalTax], [FederalTaxAcronym], [ProvincialTax], [ProvincialTaxAcronym], [PstOnGst]) VALUES (N'SD', N'USA', N'SOUTH DAKOTA', N'SOUTH DAKOTA', 0, NULL, 0, NULL, 0)
INSERT [dbo].[Province] ([Code], [CountryCode], [EnglishName], [FrenchName], [FederalTax], [FederalTaxAcronym], [ProvincialTax], [ProvincialTaxAcronym], [PstOnGst]) VALUES (N'SK', N'CAN', N'SASKATCHEWAN', N'SASKATCHEWAN', 5, N'GST       ', 5, N'PST       ', 0)
INSERT [dbo].[Province] ([Code], [CountryCode], [EnglishName], [FrenchName], [FederalTax], [FederalTaxAcronym], [ProvincialTax], [ProvincialTaxAcronym], [PstOnGst]) VALUES (N'TN', N'USA', N'TENNESSEE', N'TENNESSEE', 0, NULL, 0, NULL, 0)
INSERT [dbo].[Province] ([Code], [CountryCode], [EnglishName], [FrenchName], [FederalTax], [FederalTaxAcronym], [ProvincialTax], [ProvincialTaxAcronym], [PstOnGst]) VALUES (N'TX', N'USA', N'TEXAS', N'TEXAS', 0, NULL, 0, NULL, 0)
INSERT [dbo].[Province] ([Code], [CountryCode], [EnglishName], [FrenchName], [FederalTax], [FederalTaxAcronym], [ProvincialTax], [ProvincialTaxAcronym], [PstOnGst]) VALUES (N'UM', N'USA', N'MINOR OUTLYING ISLANDS', N'MINOR OUTLYING ISLANDS', 0, NULL, 0, NULL, 0)
INSERT [dbo].[Province] ([Code], [CountryCode], [EnglishName], [FrenchName], [FederalTax], [FederalTaxAcronym], [ProvincialTax], [ProvincialTaxAcronym], [PstOnGst]) VALUES (N'UT', N'USA', N'UTAH', N'UTAH', 0, NULL, 0, NULL, 0)
INSERT [dbo].[Province] ([Code], [CountryCode], [EnglishName], [FrenchName], [FederalTax], [FederalTaxAcronym], [ProvincialTax], [ProvincialTaxAcronym], [PstOnGst]) VALUES (N'VA', N'USA', N'VIRGINIA', N'VIRGINIA', 0, NULL, 0, NULL, 0)
INSERT [dbo].[Province] ([Code], [CountryCode], [EnglishName], [FrenchName], [FederalTax], [FederalTaxAcronym], [ProvincialTax], [ProvincialTaxAcronym], [PstOnGst]) VALUES (N'VI', N'USA', N'VIRGIN ISLANDS', N'VIRGIN ISLANDS', 0, NULL, 0, NULL, 0)
INSERT [dbo].[Province] ([Code], [CountryCode], [EnglishName], [FrenchName], [FederalTax], [FederalTaxAcronym], [ProvincialTax], [ProvincialTaxAcronym], [PstOnGst]) VALUES (N'VT', N'USA', N'VERMONT', N'VERMONT', 0, NULL, 0, NULL, 0)
INSERT [dbo].[Province] ([Code], [CountryCode], [EnglishName], [FrenchName], [FederalTax], [FederalTaxAcronym], [ProvincialTax], [ProvincialTaxAcronym], [PstOnGst]) VALUES (N'WA', N'USA', N'WASHINGTON', N'WASHINGTON', 0, NULL, 0, NULL, 0)
INSERT [dbo].[Province] ([Code], [CountryCode], [EnglishName], [FrenchName], [FederalTax], [FederalTaxAcronym], [ProvincialTax], [ProvincialTaxAcronym], [PstOnGst]) VALUES (N'WI', N'USA', N'WISCONSIN', N'WISCONSIN', 0, NULL, 0, NULL, 0)
INSERT [dbo].[Province] ([Code], [CountryCode], [EnglishName], [FrenchName], [FederalTax], [FederalTaxAcronym], [ProvincialTax], [ProvincialTaxAcronym], [PstOnGst]) VALUES (N'WV', N'USA', N'WEST VIRGINIA', N'WEST VIRGINIA', 0, NULL, 0, NULL, 0)
INSERT [dbo].[Province] ([Code], [CountryCode], [EnglishName], [FrenchName], [FederalTax], [FederalTaxAcronym], [ProvincialTax], [ProvincialTaxAcronym], [PstOnGst]) VALUES (N'YT', N'CAN', N'YUKON', N'YUKON', 8, N'GST       ', 0, N'NULL      ', 0)
INSERT [dbo].[AspNetUsers] ([Id], [UserName], [NormalizedUserName], [Email], [NormalizedEmail], [EmailConfirmed], [PasswordHash], [SecurityStamp], [ConcurrencyStamp], [PhoneNumber], [PhoneNumberConfirmed], [TwoFactorEnabled], [LockoutEnd], [LockoutEnabled], [AccessFailedCount], [PromoEmailEnabled], [Bio], [GamerTag], [firstName], [lastName], [dateOfBirth], [gender], [city], [countryCode], [provinceCode]) VALUES (N'00634eae-b68c-4285-aeed-4eea1484406f', N'TestAdmin1', N'TESTADMIN1', N'admin@test.com', N'ADMIN@TEST.COM', 0, N'AQAAAAEAACcQAAAAEODRoMGsIZOtYwulKZ6EMLC31ZdLXq/rozDPWaFq/qCgkdjaRqDllzBc3/pMgSptfA==', N'NJXLUGN6BJ3I24WV7GCDDTKV5ANCWHNR', N'f7395f54-b399-4939-8300-8044a3634f8f', N'123-123-1234', 0, 0, NULL, 1, 0, 1, N'', N'Tagggggg', N'', N'', NULL, N'', N'', N'AFG', NULL)
INSERT [dbo].[AspNetUsers] ([Id], [UserName], [NormalizedUserName], [Email], [NormalizedEmail], [EmailConfirmed], [PasswordHash], [SecurityStamp], [ConcurrencyStamp], [PhoneNumber], [PhoneNumberConfirmed], [TwoFactorEnabled], [LockoutEnd], [LockoutEnabled], [AccessFailedCount], [PromoEmailEnabled], [Bio], [GamerTag], [firstName], [lastName], [dateOfBirth], [gender], [city], [countryCode], [provinceCode]) VALUES (N'3fb424e2-3bc6-4fc9-8104-f600b79cab56', N'TestEmployee1', N'TESTEMPLOYEE1', N'Employee@test.com', N'EMPLOYEE@TEST.COM', 0, N'AQAAAAEAACcQAAAAELqiSHHtq9nBZKW6KzCXJhfS5nU72eXtZAa/nzAQPfRTtnwILAaYGlEqK1R0hs3DbA==', N'GBV3IOMTKICPVENYSS5WWBJBCPJYAPBT', N'416fbbf6-39bb-4242-b85f-e26d56f5234d', N'123-123-1234', 0, 0, NULL, 1, 0, 1, N'', N'EmployeeGamerTag', NULL, NULL, NULL, NULL, NULL, NULL, NULL)
INSERT [dbo].[AspNetUsers] ([Id], [UserName], [NormalizedUserName], [Email], [NormalizedEmail], [EmailConfirmed], [PasswordHash], [SecurityStamp], [ConcurrencyStamp], [PhoneNumber], [PhoneNumberConfirmed], [TwoFactorEnabled], [LockoutEnd], [LockoutEnabled], [AccessFailedCount], [PromoEmailEnabled], [Bio], [GamerTag], [firstName], [lastName], [dateOfBirth], [gender], [city], [countryCode], [provinceCode]) VALUES (N'aacffaee-6a26-440d-b8ae-ea7981b48e7c', N'admin@test.com', N'ADMIN@TEST.COM', N'colin.armstrong8@gmail.com', N'COLIN.ARMSTRONG8@GMAIL.COM', 1, N'AQAAAAEAACcQAAAAEHFW3ICre6mYLJhSZ9KruqopXyau4koNHGrqTfVAqHsGBr4AS0aRkbuQmvF6zRXUTg==', N'LNMN5DAIQNETT7NBKQZCAUBN63UD7LRF', N'db6e2498-a1b7-4337-a5d6-e428edd53dd4', N'519-842-0043', 0, 0, NULL, 1, 0, 0, N'', N'Tagggggg', N'', N'Armstrong', NULL, N'', N'Courtland', N'CAN', N'AB')
INSERT [dbo].[AspNetUsers] ([Id], [UserName], [NormalizedUserName], [Email], [NormalizedEmail], [EmailConfirmed], [PasswordHash], [SecurityStamp], [ConcurrencyStamp], [PhoneNumber], [PhoneNumberConfirmed], [TwoFactorEnabled], [LockoutEnd], [LockoutEnabled], [AccessFailedCount], [PromoEmailEnabled], [Bio], [GamerTag], [firstName], [lastName], [dateOfBirth], [gender], [city], [countryCode], [provinceCode]) VALUES (N'ad1ddb9a-239c-4eab-af2b-dfa3ae055def', N'dzisaacs', N'DZISAACS', N'dzisaacs@yahoo.com', N'DZISAACS@YAHOO.COM', 0, N'AQAAAAEAACcQAAAAEFUApAh34H5Z/6UqvuT96jupUhK2ic2o+Og8d5G17vKdh/QBfFbK2depKpdVDCPJxg==', N'PMGXPHZJPK32DSZGSUR6GDB76ZZYWNQX', N'f2b0d2bb-91a4-453f-8ebe-2012a843c204', N'519-123-4567', 0, 0, NULL, 1, 0, 1, N'Hi I am Daniel!', N'Sports', N'Daniel', N'Isaacs Diaz', CAST(N'1983-12-08T17:08:00.000' AS DateTime), N'Male', N'Kitchener', N'CAN', N'ON')
INSERT [dbo].[AspNetUsers] ([Id], [UserName], [NormalizedUserName], [Email], [NormalizedEmail], [EmailConfirmed], [PasswordHash], [SecurityStamp], [ConcurrencyStamp], [PhoneNumber], [PhoneNumberConfirmed], [TwoFactorEnabled], [LockoutEnd], [LockoutEnabled], [AccessFailedCount], [PromoEmailEnabled], [Bio], [GamerTag], [firstName], [lastName], [dateOfBirth], [gender], [city], [countryCode], [provinceCode]) VALUES (N'bee8db63-6992-4da8-9153-5b94c84b5336', N'Employee', N'EMPLOYEE', N'Employee@test.com', N'EMPLOYEE@TEST.COM', 0, N'AQAAAAEAACcQAAAAEKDz0OAy7DLuydldLSFxkhjFT9h+V/8YhlvU5cWKEZlnoVNgRvcnE5nc2AmQi9i3XQ==', N'36ZW625IO4PUTTEB32VAJD2IFOXKXWQC', N'3bcf5fdc-0c5a-4a4f-be83-ea6932eeb51d', N'123-123-1234', 0, 0, NULL, 1, 0, 1, N'', N'YourGamerTa', NULL, NULL, NULL, NULL, NULL, NULL, NULL)
INSERT [dbo].[AspNetUsers] ([Id], [UserName], [NormalizedUserName], [Email], [NormalizedEmail], [EmailConfirmed], [PasswordHash], [SecurityStamp], [ConcurrencyStamp], [PhoneNumber], [PhoneNumberConfirmed], [TwoFactorEnabled], [LockoutEnd], [LockoutEnabled], [AccessFailedCount], [PromoEmailEnabled], [Bio], [GamerTag], [firstName], [lastName], [dateOfBirth], [gender], [city], [countryCode], [provinceCode]) VALUES (N'c6920205-1cfb-485b-a3b8-3d723e61f4ba', N'Member', N'MEMBER', N'admin@test.com', N'ADMIN@TEST.COM', 0, N'AQAAAAEAACcQAAAAEG/kOQv5LglZ0iwqpKmoO/1Vw0QPzBKDjS7IjM4/v//eBwPcWj3krYQDB0vD73kJYA==', N'ZI3E47TO62PZJOLHN55KLQ3VTCEZTJPX', N'4669265e-0597-4960-aa7a-59a4147f6b0f', N'123-123-1234', 0, 0, NULL, 1, 0, 1, N'', N'testtag', NULL, NULL, NULL, NULL, NULL, NULL, NULL)
INSERT [dbo].[AspNetUsers] ([Id], [UserName], [NormalizedUserName], [Email], [NormalizedEmail], [EmailConfirmed], [PasswordHash], [SecurityStamp], [ConcurrencyStamp], [PhoneNumber], [PhoneNumberConfirmed], [TwoFactorEnabled], [LockoutEnd], [LockoutEnabled], [AccessFailedCount], [PromoEmailEnabled], [Bio], [GamerTag], [firstName], [lastName], [dateOfBirth], [gender], [city], [countryCode], [provinceCode]) VALUES (N'fa72925a-5f72-4537-98d2-9f8e7a5108bf', N'TestMember1', N'TESTMEMBER1', N'Member@test.com', N'MEMBER@TEST.COM', 0, N'AQAAAAEAACcQAAAAEP0mzVGlL+S1wTnep1iwD3u0Tx1s9lKv688PdFHoQnYt3ZsDYXaWj9bb8IgpM5bcuQ==', N'CEGDSI4NA6M6DKJ3IZ4AKU5CIZ6XICZD', N'87959bab-5016-4d7f-9c20-ff2015d581b2', N'123-123-1234', 0, 0, NULL, 1, 0, 1, N'', N'TestMemberTag', NULL, NULL, NULL, NULL, NULL, NULL, NULL)
INSERT [dbo].[AspNetUserRoles] ([UserId], [RoleId]) VALUES (N'00634eae-b68c-4285-aeed-4eea1484406f', N'39c9cb2a-dff1-4387-bcb7-e717e9c7baa0')
INSERT [dbo].[AspNetUserRoles] ([UserId], [RoleId]) VALUES (N'aacffaee-6a26-440d-b8ae-ea7981b48e7c', N'39c9cb2a-dff1-4387-bcb7-e717e9c7baa0')
INSERT [dbo].[AspNetUserRoles] ([UserId], [RoleId]) VALUES (N'ad1ddb9a-239c-4eab-af2b-dfa3ae055def', N'597087dc-bb77-4393-8671-e8be68ee453a')
INSERT [dbo].[AspNetUserRoles] ([UserId], [RoleId]) VALUES (N'c6920205-1cfb-485b-a3b8-3d723e61f4ba', N'597087dc-bb77-4393-8671-e8be68ee453a')
INSERT [dbo].[AspNetUserRoles] ([UserId], [RoleId]) VALUES (N'fa72925a-5f72-4537-98d2-9f8e7a5108bf', N'597087dc-bb77-4393-8671-e8be68ee453a')
INSERT [dbo].[AspNetUserRoles] ([UserId], [RoleId]) VALUES (N'00634eae-b68c-4285-aeed-4eea1484406f', N'684a99d9-c322-4f2d-8800-0b95d5bb3d67')
INSERT [dbo].[AspNetUserRoles] ([UserId], [RoleId]) VALUES (N'3fb424e2-3bc6-4fc9-8104-f600b79cab56', N'684a99d9-c322-4f2d-8800-0b95d5bb3d67')
INSERT [dbo].[AspNetUserRoles] ([UserId], [RoleId]) VALUES (N'aacffaee-6a26-440d-b8ae-ea7981b48e7c', N'684a99d9-c322-4f2d-8800-0b95d5bb3d67')
INSERT [dbo].[AspNetUserRoles] ([UserId], [RoleId]) VALUES (N'bee8db63-6992-4da8-9153-5b94c84b5336', N'684a99d9-c322-4f2d-8800-0b95d5bb3d67')
INSERT [dbo].[AddressShipping] ([shippingId], [street], [postalCode], [city], [apartmentNumber], [firstName], [lastName], [CountryCode], [lastModified], [userId], [ProvinceCode], [Archived]) VALUES (N'16b65953-ed9c-48ad-ae02-003cb93c3f2c', N'DefaultStreet', N'N0J1E0', N'DefaultSCity', N'1', N'DefaultFirst', N'DefaultLast', N'CAN', CAST(N'2020-12-08T02:06:35.080' AS DateTime), N'fa72925a-5f72-4537-98d2-9f8e7a5108bf', NULL, 1)
INSERT [dbo].[AddressShipping] ([shippingId], [street], [postalCode], [city], [apartmentNumber], [firstName], [lastName], [CountryCode], [lastModified], [userId], [ProvinceCode], [Archived]) VALUES (N'f936c636-ec26-47d7-af07-01dfa5d8b3ad', N'DefaultStreet', N'N0J1E0', N'DefaultSCity', N'1', N'DefaultFirst', N'DefaultLast', N'CAN', CAST(N'2020-12-08T02:00:37.910' AS DateTime), N'00634eae-b68c-4285-aeed-4eea1484406f', NULL, 1)
INSERT [dbo].[AddressShipping] ([shippingId], [street], [postalCode], [city], [apartmentNumber], [firstName], [lastName], [CountryCode], [lastModified], [userId], [ProvinceCode], [Archived]) VALUES (N'85562b73-0fc1-4598-a072-05d440e7ab5b', N'DefaultStreet', N'N0J1E0', N'DefaultSCity', N'1', N'DefaultFirst', N'DefaultLast', N'CAN', CAST(N'2020-12-08T01:46:00.257' AS DateTime), N'fa72925a-5f72-4537-98d2-9f8e7a5108bf', NULL, 1)
INSERT [dbo].[AddressShipping] ([shippingId], [street], [postalCode], [city], [apartmentNumber], [firstName], [lastName], [CountryCode], [lastModified], [userId], [ProvinceCode], [Archived]) VALUES (N'730c3a46-4018-4b2b-af5a-0b11bcb3b7a4', N'DefaultStreet', N'N0J1E0', N'DefaultSCity', N'1', N'DefaultFirst', N'DefaultLast', N'CAN', CAST(N'2020-12-08T01:46:46.533' AS DateTime), N'fa72925a-5f72-4537-98d2-9f8e7a5108bf', NULL, 1)
INSERT [dbo].[AddressShipping] ([shippingId], [street], [postalCode], [city], [apartmentNumber], [firstName], [lastName], [CountryCode], [lastModified], [userId], [ProvinceCode], [Archived]) VALUES (N'6b3c1c4c-9777-426a-80de-0bcbd3ca2f1a', N'DefaultStreet', N'N0J1E0', N'DefaultCity', N'1', N'DefaultFirst', N'DefaultLast', N'CAN', CAST(N'2020-12-08T03:19:17.597' AS DateTime), N'fa72925a-5f72-4537-98d2-9f8e7a5108bf', NULL, 1)
INSERT [dbo].[AddressShipping] ([shippingId], [street], [postalCode], [city], [apartmentNumber], [firstName], [lastName], [CountryCode], [lastModified], [userId], [ProvinceCode], [Archived]) VALUES (N'4a0c5f95-0de8-45b1-8f51-0dd6462bfa24', N'DefaultStreet', N'N0J1E0', N'DefaultSCity', N'1', N'DefaultFirst', N'DefaultLast', N'CAN', CAST(N'2020-12-08T02:49:50.437' AS DateTime), N'fa72925a-5f72-4537-98d2-9f8e7a5108bf', NULL, 1)
INSERT [dbo].[AddressShipping] ([shippingId], [street], [postalCode], [city], [apartmentNumber], [firstName], [lastName], [CountryCode], [lastModified], [userId], [ProvinceCode], [Archived]) VALUES (N'e4a74e0a-8eba-4db3-a34b-0f34259a4941', N'DefaultStreet', N'N0J1E0', N'DefaultSCity', N'1', N'DefaultFirst', N'DefaultLast', N'CAN', CAST(N'2020-12-08T02:43:57.187' AS DateTime), N'fa72925a-5f72-4537-98d2-9f8e7a5108bf', NULL, 1)
INSERT [dbo].[AddressShipping] ([shippingId], [street], [postalCode], [city], [apartmentNumber], [firstName], [lastName], [CountryCode], [lastModified], [userId], [ProvinceCode], [Archived]) VALUES (N'cbd82193-4a00-4187-ba19-0f93b6bbab9a', N'DefaultStreet', N'N0J1E0', N'DefaultCity', N'1', N'DefaultFirs', N'DefaultLast', N'CAN', CAST(N'2020-12-08T03:45:31.430' AS DateTime), N'00634eae-b68c-4285-aeed-4eea1484406f', N'AB', 0)
INSERT [dbo].[AddressShipping] ([shippingId], [street], [postalCode], [city], [apartmentNumber], [firstName], [lastName], [CountryCode], [lastModified], [userId], [ProvinceCode], [Archived]) VALUES (N'bf65cad0-aaeb-44ef-8f86-12da4e58cbdf', N'DefaultStreet', N'N0J1E0', N'DefaultSCity', N'1', N'DefaultFirst', N'DefaultLast', N'CAN', CAST(N'2020-12-08T03:05:00.597' AS DateTime), N'fa72925a-5f72-4537-98d2-9f8e7a5108bf', NULL, 1)
INSERT [dbo].[AddressShipping] ([shippingId], [street], [postalCode], [city], [apartmentNumber], [firstName], [lastName], [CountryCode], [lastModified], [userId], [ProvinceCode], [Archived]) VALUES (N'45ad117a-03a4-4d8e-a504-15998f948eaf', N'DefaultStreet', N'N0J1E0', N'DefaultSCity', N'1', N'DefaultFirst', N'DefaultLast', N'CAN', CAST(N'2020-12-08T01:56:15.407' AS DateTime), N'00634eae-b68c-4285-aeed-4eea1484406f', NULL, 1)
INSERT [dbo].[AddressShipping] ([shippingId], [street], [postalCode], [city], [apartmentNumber], [firstName], [lastName], [CountryCode], [lastModified], [userId], [ProvinceCode], [Archived]) VALUES (N'd9032078-bbf5-4368-92af-1826ee11b49f', N'DefaultStreet', N'N0J1E0', N'DefaultCity', N'1', N'DefaultFirst', N'DefaultLast', N'CAN', CAST(N'2020-12-08T03:20:04.500' AS DateTime), N'fa72925a-5f72-4537-98d2-9f8e7a5108bf', NULL, 1)
INSERT [dbo].[AddressShipping] ([shippingId], [street], [postalCode], [city], [apartmentNumber], [firstName], [lastName], [CountryCode], [lastModified], [userId], [ProvinceCode], [Archived]) VALUES (N'ed31b53d-19f3-429f-a6b8-18dfcc11fb55', N'DefaultStreet', N'N0J1E0', N'DefaultSCity', N'1', N'DefaultFirst', N'DefaultLast', N'CAN', CAST(N'2020-12-08T02:59:38.090' AS DateTime), N'fa72925a-5f72-4537-98d2-9f8e7a5108bf', NULL, 1)
INSERT [dbo].[AddressShipping] ([shippingId], [street], [postalCode], [city], [apartmentNumber], [firstName], [lastName], [CountryCode], [lastModified], [userId], [ProvinceCode], [Archived]) VALUES (N'e93f1892-8071-4412-a999-190f7a7687dd', N'DefaultStreet', N'N0J1E0', N'DefaultCity', N'1', N'DefaultFirst', N'DefaultLast', N'CAN', CAST(N'2020-12-08T03:19:27.533' AS DateTime), N'fa72925a-5f72-4537-98d2-9f8e7a5108bf', NULL, 1)
INSERT [dbo].[AddressShipping] ([shippingId], [street], [postalCode], [city], [apartmentNumber], [firstName], [lastName], [CountryCode], [lastModified], [userId], [ProvinceCode], [Archived]) VALUES (N'aeae6ff1-3212-4da1-9234-22028a20b357', N'DefaultStreet', N'N0J1E0', N'DefaultCity', N'1', N'DefaultFirst', N'DefaultLast', N'CAN', CAST(N'2020-12-08T03:18:47.687' AS DateTime), N'fa72925a-5f72-4537-98d2-9f8e7a5108bf', NULL, 1)
INSERT [dbo].[AddressShipping] ([shippingId], [street], [postalCode], [city], [apartmentNumber], [firstName], [lastName], [CountryCode], [lastModified], [userId], [ProvinceCode], [Archived]) VALUES (N'9a29fca4-bf74-455c-b30e-3a32569f8886', N'DefaultStreet', N'N0J1E0', N'DefaultSCity', N'1', N'DefaultFirst', N'DefaultLast', N'CAN', CAST(N'2020-12-08T03:02:56.867' AS DateTime), N'fa72925a-5f72-4537-98d2-9f8e7a5108bf', NULL, 1)
INSERT [dbo].[AddressShipping] ([shippingId], [street], [postalCode], [city], [apartmentNumber], [firstName], [lastName], [CountryCode], [lastModified], [userId], [ProvinceCode], [Archived]) VALUES (N'aed207ce-4494-4644-8f26-3bfacdbca861', N'DefaultStreet', N'N0J1E0', N'DefaultSCity', N'1', N'DefaultFirst', N'DefaultLast', N'CAN', CAST(N'2020-12-08T02:36:22.920' AS DateTime), N'fa72925a-5f72-4537-98d2-9f8e7a5108bf', NULL, 1)
INSERT [dbo].[AddressShipping] ([shippingId], [street], [postalCode], [city], [apartmentNumber], [firstName], [lastName], [CountryCode], [lastModified], [userId], [ProvinceCode], [Archived]) VALUES (N'698fa64b-bd33-4a20-8455-3c6a1ae4bb6e', N'DefaultStreet', N'N0J1E0', N'DefaultSCity', N'1', N'DefaultFirst', N'DefaultLast', N'CAN', CAST(N'2020-12-08T01:46:18.623' AS DateTime), N'fa72925a-5f72-4537-98d2-9f8e7a5108bf', NULL, 1)
INSERT [dbo].[AddressShipping] ([shippingId], [street], [postalCode], [city], [apartmentNumber], [firstName], [lastName], [CountryCode], [lastModified], [userId], [ProvinceCode], [Archived]) VALUES (N'673daa1f-1bee-4880-abaa-3ded52bdca78', N'real rd.', N'N0J1E0', N'waterloo', N'', N'member', N'last name', N'AFG', CAST(N'2020-12-07T17:03:55.803' AS DateTime), N'fa72925a-5f72-4537-98d2-9f8e7a5108bf', NULL, 1)
INSERT [dbo].[AddressShipping] ([shippingId], [street], [postalCode], [city], [apartmentNumber], [firstName], [lastName], [CountryCode], [lastModified], [userId], [ProvinceCode], [Archived]) VALUES (N'c0322990-c414-4428-b1ab-41eb48ae7af0', N'DefaultStreet', N'N0J1E0', N'DefaultSCity', N'1', N'DefaultFirst', N'DefaultLast', N'CAN', CAST(N'2020-12-08T01:47:05.250' AS DateTime), N'fa72925a-5f72-4537-98d2-9f8e7a5108bf', NULL, 1)
INSERT [dbo].[AddressShipping] ([shippingId], [street], [postalCode], [city], [apartmentNumber], [firstName], [lastName], [CountryCode], [lastModified], [userId], [ProvinceCode], [Archived]) VALUES (N'05ae7f7b-e12d-4084-856b-432dd056a65f', N'DefaultStreet', N'N0J1E0', N'DefaultCity', N'1', N'DefaultFirst', N'DefaultLast', N'CAN', CAST(N'2020-12-08T03:18:57.483' AS DateTime), N'fa72925a-5f72-4537-98d2-9f8e7a5108bf', NULL, 1)
INSERT [dbo].[AddressShipping] ([shippingId], [street], [postalCode], [city], [apartmentNumber], [firstName], [lastName], [CountryCode], [lastModified], [userId], [ProvinceCode], [Archived]) VALUES (N'0cc43cfa-3985-4e27-9214-43753d5053b3', N'DefaultStreet', N'N0J1E0', N'DefaultCity', N'1', N'DefaultFirst', N'DefaultLast', N'CAN', CAST(N'2020-12-08T03:22:52.107' AS DateTime), N'fa72925a-5f72-4537-98d2-9f8e7a5108bf', NULL, 1)
INSERT [dbo].[AddressShipping] ([shippingId], [street], [postalCode], [city], [apartmentNumber], [firstName], [lastName], [CountryCode], [lastModified], [userId], [ProvinceCode], [Archived]) VALUES (N'5d8d3e7b-ad23-4c21-902c-453879ce3cbc', N'DefaultStreet', N'N0J1E0', N'DefaultSCity', N'1', N'DefaultFirst', N'DefaultLast', N'CAN', CAST(N'2020-12-08T02:25:45.640' AS DateTime), N'fa72925a-5f72-4537-98d2-9f8e7a5108bf', NULL, 1)
INSERT [dbo].[AddressShipping] ([shippingId], [street], [postalCode], [city], [apartmentNumber], [firstName], [lastName], [CountryCode], [lastModified], [userId], [ProvinceCode], [Archived]) VALUES (N'3a6223af-f119-49d0-b3ac-47f9e9eeb0fc', N'DefaultStreet', N'N0J1E0', N'DefaultSCity', N'1', N'DefaultFirst', N'DefaultLast', N'CAN', CAST(N'2020-12-08T02:30:44.323' AS DateTime), N'fa72925a-5f72-4537-98d2-9f8e7a5108bf', NULL, 1)
INSERT [dbo].[AddressShipping] ([shippingId], [street], [postalCode], [city], [apartmentNumber], [firstName], [lastName], [CountryCode], [lastModified], [userId], [ProvinceCode], [Archived]) VALUES (N'03abf4a6-5c9c-4e25-b789-4bd97b832625', N'DefaultStreet', N'N0J1E0', N'DefaultSCity', N'1', N'DefaultFirst', N'DefaultLast', N'CAN', CAST(N'2020-12-08T02:50:08.630' AS DateTime), N'fa72925a-5f72-4537-98d2-9f8e7a5108bf', NULL, 1)
INSERT [dbo].[AddressShipping] ([shippingId], [street], [postalCode], [city], [apartmentNumber], [firstName], [lastName], [CountryCode], [lastModified], [userId], [ProvinceCode], [Archived]) VALUES (N'7af46840-651b-433d-94f4-55884ff5a9ef', N'DefaultStreet', N'N0J1E0', N'DefaultSCity', N'1', N'DefaultFirst', N'DefaultLast', N'CAN', CAST(N'2020-12-08T02:09:17.423' AS DateTime), N'fa72925a-5f72-4537-98d2-9f8e7a5108bf', NULL, 1)
INSERT [dbo].[AddressShipping] ([shippingId], [street], [postalCode], [city], [apartmentNumber], [firstName], [lastName], [CountryCode], [lastModified], [userId], [ProvinceCode], [Archived]) VALUES (N'46a1d455-02c3-498b-b9ee-56d06f6060d6', N'DefaultStreet', N'N0J1E0', N'DefaultSCity', N'1', N'DefaultFirst', N'DefaultLast', N'CAN', CAST(N'2020-12-08T02:10:08.363' AS DateTime), N'fa72925a-5f72-4537-98d2-9f8e7a5108bf', NULL, 1)
INSERT [dbo].[AddressShipping] ([shippingId], [street], [postalCode], [city], [apartmentNumber], [firstName], [lastName], [CountryCode], [lastModified], [userId], [ProvinceCode], [Archived]) VALUES (N'0fee3db7-cad0-49de-8361-57b009ddf4b1', N'DefaultStreet', N'N0J1E0', N'DefaultSCity', N'1', N'DefaultFirst', N'DefaultLast', N'CAN', CAST(N'2020-12-08T02:59:19.823' AS DateTime), N'fa72925a-5f72-4537-98d2-9f8e7a5108bf', NULL, 1)
INSERT [dbo].[AddressShipping] ([shippingId], [street], [postalCode], [city], [apartmentNumber], [firstName], [lastName], [CountryCode], [lastModified], [userId], [ProvinceCode], [Archived]) VALUES (N'a5f29ac9-b785-4fe1-9d79-5a2d68e3b61e', N'DefaultStreet', N'N0J1E0', N'DefaultSCity', N'1', N'DefaultFirst', N'DefaultLast', N'CAN', CAST(N'2020-12-08T03:01:49.407' AS DateTime), N'fa72925a-5f72-4537-98d2-9f8e7a5108bf', NULL, 1)
INSERT [dbo].[AddressShipping] ([shippingId], [street], [postalCode], [city], [apartmentNumber], [firstName], [lastName], [CountryCode], [lastModified], [userId], [ProvinceCode], [Archived]) VALUES (N'a163778d-cf3a-40ac-b8c5-5c400e4757b5', N'DefaultStreet', N'N0J1E0', N'DefaultSCity', N'1', N'DefaultFirst', N'DefaultLast', N'CAN', CAST(N'2020-12-08T02:06:51.540' AS DateTime), N'fa72925a-5f72-4537-98d2-9f8e7a5108bf', NULL, 1)
INSERT [dbo].[AddressShipping] ([shippingId], [street], [postalCode], [city], [apartmentNumber], [firstName], [lastName], [CountryCode], [lastModified], [userId], [ProvinceCode], [Archived]) VALUES (N'16935bb1-19ee-4d3d-8f59-5f3a73e8c78e', N'DefaultStreet', N'N0J1E0', N'DefaultSCity', N'1', N'DefaultFirst', N'DefaultLast', N'CAN', CAST(N'2020-12-08T02:43:46.953' AS DateTime), N'fa72925a-5f72-4537-98d2-9f8e7a5108bf', NULL, 1)
INSERT [dbo].[AddressShipping] ([shippingId], [street], [postalCode], [city], [apartmentNumber], [firstName], [lastName], [CountryCode], [lastModified], [userId], [ProvinceCode], [Archived]) VALUES (N'a74fddd7-ab0a-4e79-85e0-5f8ea8b41f0f', N'DefaultStreet', N'N0J1E0', N'DefaultSCity', N'1', N'DefaultFirst', N'DefaultLast', N'CAN', CAST(N'2020-12-08T01:49:50.537' AS DateTime), N'fa72925a-5f72-4537-98d2-9f8e7a5108bf', NULL, 1)
INSERT [dbo].[AddressShipping] ([shippingId], [street], [postalCode], [city], [apartmentNumber], [firstName], [lastName], [CountryCode], [lastModified], [userId], [ProvinceCode], [Archived]) VALUES (N'ce3d1c3f-609e-44b6-9385-6230d5d72a31', N'DefaultStreet', N'N0J1E0', N'DefaultCity', N'1', N'DefaultFirst', N'DefaultLast', N'CAN', CAST(N'2020-12-08T03:22:29.137' AS DateTime), N'fa72925a-5f72-4537-98d2-9f8e7a5108bf', NULL, 1)
INSERT [dbo].[AddressShipping] ([shippingId], [street], [postalCode], [city], [apartmentNumber], [firstName], [lastName], [CountryCode], [lastModified], [userId], [ProvinceCode], [Archived]) VALUES (N'45b6c233-ef0d-439c-bc3b-65b9def8794d', N'DefaultStreet', N'N0J1E0', N'DefaultSCity', N'1', N'DefaultFirst', N'DefaultLast', N'CAN', CAST(N'2020-12-08T02:53:08.897' AS DateTime), N'fa72925a-5f72-4537-98d2-9f8e7a5108bf', NULL, 1)
INSERT [dbo].[AddressShipping] ([shippingId], [street], [postalCode], [city], [apartmentNumber], [firstName], [lastName], [CountryCode], [lastModified], [userId], [ProvinceCode], [Archived]) VALUES (N'20bda85c-8764-4307-a395-65bcf9d3e347', N'DefaultStreet', N'N0J1E0', N'DefaultSCity', N'1', N'DefaultFirst', N'DefaultLast', N'CAN', CAST(N'2020-12-08T01:47:22.917' AS DateTime), N'fa72925a-5f72-4537-98d2-9f8e7a5108bf', NULL, 1)
INSERT [dbo].[AddressShipping] ([shippingId], [street], [postalCode], [city], [apartmentNumber], [firstName], [lastName], [CountryCode], [lastModified], [userId], [ProvinceCode], [Archived]) VALUES (N'9e8b0726-9ca4-444c-89ad-6674df6b638c', N'DefaultStreet', N'N0J1E0', N'DefaultSCity', N'1', N'DefaultFirst', N'DefaultLast', N'CAN', CAST(N'2020-12-08T01:46:37.350' AS DateTime), N'fa72925a-5f72-4537-98d2-9f8e7a5108bf', NULL, 1)
INSERT [dbo].[AddressShipping] ([shippingId], [street], [postalCode], [city], [apartmentNumber], [firstName], [lastName], [CountryCode], [lastModified], [userId], [ProvinceCode], [Archived]) VALUES (N'1517f3a3-b254-4b08-b798-68e9105784e0', N'DefaultStreet', N'N0J1E0', N'DefaultSCity', N'1', N'DefaultFirst', N'DefaultLast', N'CAN', CAST(N'2020-12-08T02:07:33.470' AS DateTime), N'fa72925a-5f72-4537-98d2-9f8e7a5108bf', NULL, 1)
INSERT [dbo].[AddressShipping] ([shippingId], [street], [postalCode], [city], [apartmentNumber], [firstName], [lastName], [CountryCode], [lastModified], [userId], [ProvinceCode], [Archived]) VALUES (N'5fb84bc7-f2d3-4d13-be2d-69c90213c3e6', N'DefaultStreet', N'N0J1E0', N'DefaultCity', N'1', N'DefaultFirst', N'DefaultLast', N'CAN', CAST(N'2020-12-08T03:20:29.443' AS DateTime), N'00634eae-b68c-4285-aeed-4eea1484406f', NULL, 1)
INSERT [dbo].[AddressShipping] ([shippingId], [street], [postalCode], [city], [apartmentNumber], [firstName], [lastName], [CountryCode], [lastModified], [userId], [ProvinceCode], [Archived]) VALUES (N'31d72e7e-1231-4f3b-974b-6a2b5ec2b27d', N'DefaultStreet', N'N0J1E0', N'DefaultSCity', N'1', N'DefaultFirst', N'DefaultLast', N'CAN', CAST(N'2020-12-08T01:49:59.520' AS DateTime), N'fa72925a-5f72-4537-98d2-9f8e7a5108bf', NULL, 1)
INSERT [dbo].[AddressShipping] ([shippingId], [street], [postalCode], [city], [apartmentNumber], [firstName], [lastName], [CountryCode], [lastModified], [userId], [ProvinceCode], [Archived]) VALUES (N'4789ed03-4f0d-44d8-96e0-6e7a9403255f', N'DefaultStreet', N'N0J1E0', N'DefaultSCity', N'1', N'DefaultFirst', N'DefaultLast', N'CAN', CAST(N'2020-12-08T02:53:23.710' AS DateTime), N'fa72925a-5f72-4537-98d2-9f8e7a5108bf', NULL, 1)
INSERT [dbo].[AddressShipping] ([shippingId], [street], [postalCode], [city], [apartmentNumber], [firstName], [lastName], [CountryCode], [lastModified], [userId], [ProvinceCode], [Archived]) VALUES (N'e25724f6-3a43-4f6c-9008-6f7af11b7787', N'DefaultStreet', N'N0J1E0', N'DefaultSCity', N'1', N'DefaultFirst', N'DefaultLast', N'CAN', CAST(N'2020-12-08T02:10:47.403' AS DateTime), N'fa72925a-5f72-4537-98d2-9f8e7a5108bf', NULL, 1)
INSERT [dbo].[AddressShipping] ([shippingId], [street], [postalCode], [city], [apartmentNumber], [firstName], [lastName], [CountryCode], [lastModified], [userId], [ProvinceCode], [Archived]) VALUES (N'4b4135fa-1599-43e1-9a93-70abf70fda4f', N'MID N WAL TOWNLINE R', N'N2G1K2', N'test', N'', N'Colin', N'Armstrong', N'CMR', CAST(N'2020-12-05T16:49:31.730' AS DateTime), N'aacffaee-6a26-440d-b8ae-ea7981b48e7c', NULL, 0)
INSERT [dbo].[AddressShipping] ([shippingId], [street], [postalCode], [city], [apartmentNumber], [firstName], [lastName], [CountryCode], [lastModified], [userId], [ProvinceCode], [Archived]) VALUES (N'9863434e-b849-43e8-953d-739e4a8651ed', N'DefaultStreet', N'N0J1E0', N'DefaultCity', N'1', N'DefaultFirst', N'DefaultLast', N'CAN', CAST(N'2020-12-08T03:19:36.907' AS DateTime), N'fa72925a-5f72-4537-98d2-9f8e7a5108bf', NULL, 1)
INSERT [dbo].[AddressShipping] ([shippingId], [street], [postalCode], [city], [apartmentNumber], [firstName], [lastName], [CountryCode], [lastModified], [userId], [ProvinceCode], [Archived]) VALUES (N'ceb06667-542f-47cf-ba70-758d8bc4d2c7', N'DefaultStreet', N'N0J1E0', N'DefaultSCity', N'1', N'DefaultFirst', N'DefaultLast', N'CAN', CAST(N'2020-12-08T02:30:08.257' AS DateTime), N'fa72925a-5f72-4537-98d2-9f8e7a5108bf', NULL, 1)
INSERT [dbo].[AddressShipping] ([shippingId], [street], [postalCode], [city], [apartmentNumber], [firstName], [lastName], [CountryCode], [lastModified], [userId], [ProvinceCode], [Archived]) VALUES (N'47fc3e3b-67d8-4fe7-9eda-78f1183c9373', N'DefaultStreet', N'N0J1E0', N'DefaultSCity', N'1', N'DefaultFirst', N'DefaultLast', N'CAN', CAST(N'2020-12-08T02:43:28.713' AS DateTime), N'fa72925a-5f72-4537-98d2-9f8e7a5108bf', NULL, 1)
INSERT [dbo].[AddressShipping] ([shippingId], [street], [postalCode], [city], [apartmentNumber], [firstName], [lastName], [CountryCode], [lastModified], [userId], [ProvinceCode], [Archived]) VALUES (N'6cd211e1-7369-4c99-8ca5-790bbdff8b94', N'DefaultStreet', N'N0J1E0', N'DefaultSCity', N'1', N'DefaultFirst', N'DefaultLast', N'CAN', CAST(N'2020-12-08T02:07:06.467' AS DateTime), N'00634eae-b68c-4285-aeed-4eea1484406f', NULL, 1)
INSERT [dbo].[AddressShipping] ([shippingId], [street], [postalCode], [city], [apartmentNumber], [firstName], [lastName], [CountryCode], [lastModified], [userId], [ProvinceCode], [Archived]) VALUES (N'ef743065-d80c-47cc-a73e-7a1bb1e2f282', N'DefaultStreet', N'N0J1E0', N'DefaultSCity', N'1', N'DefaultFirst', N'DefaultLast', N'CAN', CAST(N'2020-12-08T00:32:48.507' AS DateTime), N'fa72925a-5f72-4537-98d2-9f8e7a5108bf', NULL, 1)
INSERT [dbo].[AddressShipping] ([shippingId], [street], [postalCode], [city], [apartmentNumber], [firstName], [lastName], [CountryCode], [lastModified], [userId], [ProvinceCode], [Archived]) VALUES (N'3586aa2b-6e30-446b-827a-7bb19e4c9cbe', N'DefaultStreet', N'N0J1E0', N'DefaultSCity', N'1', N'DefaultFirst', N'DefaultLast', N'CAN', CAST(N'2020-12-08T02:12:13.400' AS DateTime), N'fa72925a-5f72-4537-98d2-9f8e7a5108bf', NULL, 1)
INSERT [dbo].[AddressShipping] ([shippingId], [street], [postalCode], [city], [apartmentNumber], [firstName], [lastName], [CountryCode], [lastModified], [userId], [ProvinceCode], [Archived]) VALUES (N'e8775f7c-f6f0-46d2-b58b-7f9a2beeff8b', N'DefaultStreet', N'N0J1E0', N'DefaultSCity', N'1', N'DefaultFirst', N'DefaultLast', N'CAN', CAST(N'2020-12-08T02:12:50.073' AS DateTime), N'fa72925a-5f72-4537-98d2-9f8e7a5108bf', NULL, 1)
INSERT [dbo].[AddressShipping] ([shippingId], [street], [postalCode], [city], [apartmentNumber], [firstName], [lastName], [CountryCode], [lastModified], [userId], [ProvinceCode], [Archived]) VALUES (N'9ab1ccc4-ffa0-4e7d-82a9-8303edf160a3', N'DefaultStreet', N'N0J1E0', N'DefaultCity', N'1', N'DefaultFirst', N'DefaultLast', N'CAN', CAST(N'2020-12-08T03:40:07.060' AS DateTime), N'00634eae-b68c-4285-aeed-4eea1484406f', NULL, 1)
INSERT [dbo].[AddressShipping] ([shippingId], [street], [postalCode], [city], [apartmentNumber], [firstName], [lastName], [CountryCode], [lastModified], [userId], [ProvinceCode], [Archived]) VALUES (N'062fed84-a4df-43f2-9659-861f038079dc', N'real rd.', N'N0J1E0', N'waterloo', N'', N'shipping member', N'last name', N'BHS', CAST(N'2020-12-06T17:09:19.297' AS DateTime), N'c6920205-1cfb-485b-a3b8-3d723e61f4ba', NULL, 0)
INSERT [dbo].[AddressShipping] ([shippingId], [street], [postalCode], [city], [apartmentNumber], [firstName], [lastName], [CountryCode], [lastModified], [userId], [ProvinceCode], [Archived]) VALUES (N'83e5078d-a0a6-4167-af5b-861f04963717', N'DefaultStreet', N'N0J1E0', N'DefaultSCity', N'1', N'DefaultFirst', N'DefaultLast', N'CAN', CAST(N'2020-12-08T03:08:14.310' AS DateTime), N'fa72925a-5f72-4537-98d2-9f8e7a5108bf', NULL, 1)
INSERT [dbo].[AddressShipping] ([shippingId], [street], [postalCode], [city], [apartmentNumber], [firstName], [lastName], [CountryCode], [lastModified], [userId], [ProvinceCode], [Archived]) VALUES (N'457d10a8-18f7-4cba-b2eb-8997d49f646e', N'DefaultStreet', N'N0J1E0', N'DefaultSCity', N'1', N'DefaultFirst', N'DefaultLast', N'CAN', CAST(N'2020-12-08T02:06:42.700' AS DateTime), N'fa72925a-5f72-4537-98d2-9f8e7a5108bf', NULL, 1)
INSERT [dbo].[AddressShipping] ([shippingId], [street], [postalCode], [city], [apartmentNumber], [firstName], [lastName], [CountryCode], [lastModified], [userId], [ProvinceCode], [Archived]) VALUES (N'1193052f-22ba-411e-b984-8aa57e848ad2', N'DefaultStreet', N'N0J1E0', N'DefaultCity', N'1', N'DefaultFirst', N'DefaultLast', N'CAN', CAST(N'2020-12-08T03:19:46.647' AS DateTime), N'fa72925a-5f72-4537-98d2-9f8e7a5108bf', NULL, 1)
INSERT [dbo].[AddressShipping] ([shippingId], [street], [postalCode], [city], [apartmentNumber], [firstName], [lastName], [CountryCode], [lastModified], [userId], [ProvinceCode], [Archived]) VALUES (N'a1c9f36e-c69a-434c-bba7-8d53998081a5', N'DefaultStreet', N'N0J1E0', N'DefaultSCity', N'1', N'DefaultFirst', N'DefaultLast', N'CAN', CAST(N'2020-12-08T03:12:01.477' AS DateTime), N'00634eae-b68c-4285-aeed-4eea1484406f', NULL, 1)
INSERT [dbo].[AddressShipping] ([shippingId], [street], [postalCode], [city], [apartmentNumber], [firstName], [lastName], [CountryCode], [lastModified], [userId], [ProvinceCode], [Archived]) VALUES (N'd0dc939b-3972-4501-ab74-8fa4d932af22', N'DefaultStreet', N'N0J1E0', N'DefaultSCity', N'1', N'DefaultFirst', N'DefaultLast', N'CAN', CAST(N'2020-12-08T01:46:55.747' AS DateTime), N'fa72925a-5f72-4537-98d2-9f8e7a5108bf', NULL, 1)
INSERT [dbo].[AddressShipping] ([shippingId], [street], [postalCode], [city], [apartmentNumber], [firstName], [lastName], [CountryCode], [lastModified], [userId], [ProvinceCode], [Archived]) VALUES (N'fa92b4aa-8f0c-456b-9162-90930fb66e6c', N'DefaultStreet', N'N0J1E0', N'DefaultSCity', N'1', N'DefaultFirst', N'DefaultLast', N'CAN', CAST(N'2020-12-08T02:25:26.373' AS DateTime), N'fa72925a-5f72-4537-98d2-9f8e7a5108bf', NULL, 1)
INSERT [dbo].[AddressShipping] ([shippingId], [street], [postalCode], [city], [apartmentNumber], [firstName], [lastName], [CountryCode], [lastModified], [userId], [ProvinceCode], [Archived]) VALUES (N'314038bf-17c9-429f-9faa-933d0f8fce52', N'DefaultStreet', N'N0J1E0', N'DefaultSCity', N'1', N'DefaultFirst', N'DefaultLast', N'CAN', CAST(N'2020-12-08T02:35:43.313' AS DateTime), N'fa72925a-5f72-4537-98d2-9f8e7a5108bf', NULL, 1)
INSERT [dbo].[AddressShipping] ([shippingId], [street], [postalCode], [city], [apartmentNumber], [firstName], [lastName], [CountryCode], [lastModified], [userId], [ProvinceCode], [Archived]) VALUES (N'2a63e617-9510-48da-a014-96b7c315afc5', N'DefaultStreet', N'N0J1E0', N'DefaultSCity', N'1', N'DefaultFirst', N'DefaultLast', N'CAN', CAST(N'2020-12-08T02:59:28.583' AS DateTime), N'fa72925a-5f72-4537-98d2-9f8e7a5108bf', NULL, 1)
INSERT [dbo].[AddressShipping] ([shippingId], [street], [postalCode], [city], [apartmentNumber], [firstName], [lastName], [CountryCode], [lastModified], [userId], [ProvinceCode], [Archived]) VALUES (N'7326bc21-baec-411a-a51e-9d8a7e412e8b', N'DefaultStreet', N'N0J1E0', N'DefaultCity', N'1', N'DefaultFirst', N'DefaultLast', N'CAN', CAST(N'2020-12-08T03:19:56.420' AS DateTime), N'fa72925a-5f72-4537-98d2-9f8e7a5108bf', NULL, 1)
INSERT [dbo].[AddressShipping] ([shippingId], [street], [postalCode], [city], [apartmentNumber], [firstName], [lastName], [CountryCode], [lastModified], [userId], [ProvinceCode], [Archived]) VALUES (N'8da537d3-d40b-40b8-b2d8-a11ad073ff6b', N'DefaultStreet', N'N0J1E0', N'DefaultSCity', N'1', N'DefaultFirst', N'DefaultLast', N'CAN', CAST(N'2020-12-08T01:46:09.600' AS DateTime), N'fa72925a-5f72-4537-98d2-9f8e7a5108bf', NULL, 1)
INSERT [dbo].[AddressShipping] ([shippingId], [street], [postalCode], [city], [apartmentNumber], [firstName], [lastName], [CountryCode], [lastModified], [userId], [ProvinceCode], [Archived]) VALUES (N'e8872b37-c2b6-44d4-a541-a1c8e2705171', N'DefaultStreet', N'N0J1E0', N'DefaultSCity', N'1', N'DefaultFirst', N'DefaultLast', N'CAN', CAST(N'2020-12-08T02:02:00.567' AS DateTime), N'fa72925a-5f72-4537-98d2-9f8e7a5108bf', NULL, 1)
INSERT [dbo].[AddressShipping] ([shippingId], [street], [postalCode], [city], [apartmentNumber], [firstName], [lastName], [CountryCode], [lastModified], [userId], [ProvinceCode], [Archived]) VALUES (N'ee788ad9-a0fc-4395-9bbd-a311f5831c26', N'DefaultStreet', N'N0J1E0', N'DefaultSCity', N'1', N'DefaultFirst', N'DefaultLast', N'CAN', CAST(N'2020-12-08T02:25:35.793' AS DateTime), N'fa72925a-5f72-4537-98d2-9f8e7a5108bf', NULL, 1)
INSERT [dbo].[AddressShipping] ([shippingId], [street], [postalCode], [city], [apartmentNumber], [firstName], [lastName], [CountryCode], [lastModified], [userId], [ProvinceCode], [Archived]) VALUES (N'51605e1d-e40f-42e3-9174-a3cd9f8e3adf', N'DefaultStreet', N'N0J1E0', N'DefaultSCity', N'1', N'DefaultFirst', N'DefaultLast', N'CAN', CAST(N'2020-12-08T02:24:33.073' AS DateTime), N'fa72925a-5f72-4537-98d2-9f8e7a5108bf', NULL, 1)
INSERT [dbo].[AddressShipping] ([shippingId], [street], [postalCode], [city], [apartmentNumber], [firstName], [lastName], [CountryCode], [lastModified], [userId], [ProvinceCode], [Archived]) VALUES (N'89cadcd9-506a-4048-a4f4-a4f5072e7882', N'TestStreet', N'N2R1W2', N'TestCity', N'TestAptNum', N'TestFirstName', N'TestLastName', N'CAN', CAST(N'2020-12-08T03:17:03.413' AS DateTime), N'00634eae-b68c-4285-aeed-4eea1484406f', NULL, 1)
INSERT [dbo].[AddressShipping] ([shippingId], [street], [postalCode], [city], [apartmentNumber], [firstName], [lastName], [CountryCode], [lastModified], [userId], [ProvinceCode], [Archived]) VALUES (N'fde841cc-95d4-48a9-b16e-a5246f61484a', N'DefaultStreet', N'N0J1E0', N'DefaultSCity', N'1', N'DefaultFirst', N'DefaultLast', N'CAN', CAST(N'2020-12-08T02:12:31.240' AS DateTime), N'fa72925a-5f72-4537-98d2-9f8e7a5108bf', NULL, 1)
INSERT [dbo].[AddressShipping] ([shippingId], [street], [postalCode], [city], [apartmentNumber], [firstName], [lastName], [CountryCode], [lastModified], [userId], [ProvinceCode], [Archived]) VALUES (N'9ed55c13-fb20-4675-b129-a5e618cfdc13', N'DefaultStreet', N'N0J1E0', N'DefaultSCity', N'1', N'DefaultFirst', N'DefaultLast', N'CAN', CAST(N'2020-12-08T01:59:55.667' AS DateTime), N'00634eae-b68c-4285-aeed-4eea1484406f', NULL, 1)
INSERT [dbo].[AddressShipping] ([shippingId], [street], [postalCode], [city], [apartmentNumber], [firstName], [lastName], [CountryCode], [lastModified], [userId], [ProvinceCode], [Archived]) VALUES (N'675653a3-b795-48b7-8da9-a7d32b19338b', N'Water Street', N'N2G1K2', N'Waterloo', N'', N'Daniel', N'Isaacs', N'CAN', CAST(N'2020-12-08T17:10:23.587' AS DateTime), N'ad1ddb9a-239c-4eab-af2b-dfa3ae055def', NULL, 0)
INSERT [dbo].[AddressShipping] ([shippingId], [street], [postalCode], [city], [apartmentNumber], [firstName], [lastName], [CountryCode], [lastModified], [userId], [ProvinceCode], [Archived]) VALUES (N'0aa2d71f-f5dc-4d89-b7bf-aacccb6e1bcb', N'DefaultStreet', N'N0J1E0', N'DefaultSCity', N'1', N'DefaultFirst', N'DefaultLast', N'CAN', CAST(N'2020-12-08T03:05:51.250' AS DateTime), N'fa72925a-5f72-4537-98d2-9f8e7a5108bf', NULL, 1)
INSERT [dbo].[AddressShipping] ([shippingId], [street], [postalCode], [city], [apartmentNumber], [firstName], [lastName], [CountryCode], [lastModified], [userId], [ProvinceCode], [Archived]) VALUES (N'2c9024b9-db71-41b2-9ca5-aeb8b6fdd317', N'DefaultStreet', N'N0J1E0', N'DefaultSCity', N'1', N'DefaultFirst', N'DefaultLast', N'CAN', CAST(N'2020-12-08T03:06:15.533' AS DateTime), N'fa72925a-5f72-4537-98d2-9f8e7a5108bf', NULL, 1)
INSERT [dbo].[AddressShipping] ([shippingId], [street], [postalCode], [city], [apartmentNumber], [firstName], [lastName], [CountryCode], [lastModified], [userId], [ProvinceCode], [Archived]) VALUES (N'9a12943c-b71a-4b65-81f8-b24691b8c260', N'DefaultStreet', N'N0J1E0', N'DefaultSCity', N'1', N'DefaultFirst', N'DefaultLast', N'CAN', CAST(N'2020-12-08T02:00:43.613' AS DateTime), N'00634eae-b68c-4285-aeed-4eea1484406f', NULL, 1)
INSERT [dbo].[AddressShipping] ([shippingId], [street], [postalCode], [city], [apartmentNumber], [firstName], [lastName], [CountryCode], [lastModified], [userId], [ProvinceCode], [Archived]) VALUES (N'3a1436d5-d500-4388-8ecc-b44f72e92298', N'DefaultStreet', N'N0J1E0', N'DefaultSCity', N'1', N'DefaultFirst', N'DefaultLast', N'CAN', CAST(N'2020-12-08T00:34:53.237' AS DateTime), N'fa72925a-5f72-4537-98d2-9f8e7a5108bf', NULL, 1)
INSERT [dbo].[AddressShipping] ([shippingId], [street], [postalCode], [city], [apartmentNumber], [firstName], [lastName], [CountryCode], [lastModified], [userId], [ProvinceCode], [Archived]) VALUES (N'eaeb8c39-070e-42fb-968e-b6248012cdbd', N'DefaultStreet', N'N0J1E0', N'DefaultSCity', N'1', N'DefaultFirst', N'DefaultLast', N'CAN', CAST(N'2020-12-08T02:59:09.243' AS DateTime), N'fa72925a-5f72-4537-98d2-9f8e7a5108bf', NULL, 1)
INSERT [dbo].[AddressShipping] ([shippingId], [street], [postalCode], [city], [apartmentNumber], [firstName], [lastName], [CountryCode], [lastModified], [userId], [ProvinceCode], [Archived]) VALUES (N'fe9bbf11-e28a-42fb-ad07-b907946d41a6', N'DefaultStreet', N'N0J1E0', N'DefaultSCity', N'1', N'DefaultFirst', N'DefaultLast', N'CAN', CAST(N'2020-12-08T03:11:55.217' AS DateTime), N'00634eae-b68c-4285-aeed-4eea1484406f', NULL, 1)
INSERT [dbo].[AddressShipping] ([shippingId], [street], [postalCode], [city], [apartmentNumber], [firstName], [lastName], [CountryCode], [lastModified], [userId], [ProvinceCode], [Archived]) VALUES (N'ac96b723-39ef-4d09-86b3-bb49956c115c', N'DefaultStreet', N'N0J1E0', N'DefaultCity', N'1', N'DefaultFirst', N'DefaultLast', N'CAN', CAST(N'2020-12-08T03:23:12.580' AS DateTime), N'fa72925a-5f72-4537-98d2-9f8e7a5108bf', NULL, 0)
INSERT [dbo].[AddressShipping] ([shippingId], [street], [postalCode], [city], [apartmentNumber], [firstName], [lastName], [CountryCode], [lastModified], [userId], [ProvinceCode], [Archived]) VALUES (N'e26f69b2-6072-49e0-b045-bc47a2bc253a', N'TestStreet', N'N2R1W2', N'TestCity', N'TestAptNum', N'TestFirstName', N'TestLastName', N'CAN', CAST(N'2020-12-08T03:39:37.420' AS DateTime), N'00634eae-b68c-4285-aeed-4eea1484406f', NULL, 1)
INSERT [dbo].[AddressShipping] ([shippingId], [street], [postalCode], [city], [apartmentNumber], [firstName], [lastName], [CountryCode], [lastModified], [userId], [ProvinceCode], [Archived]) VALUES (N'fdf4555d-2191-4868-8e34-bd86c382ac74', N'DefaultStreet', N'N0J1E0', N'DefaultCity', N'1', N'DefaultFirst', N'DefaultLast', N'CAN', CAST(N'2020-12-08T03:17:38.970' AS DateTime), N'00634eae-b68c-4285-aeed-4eea1484406f', NULL, 1)
INSERT [dbo].[AddressShipping] ([shippingId], [street], [postalCode], [city], [apartmentNumber], [firstName], [lastName], [CountryCode], [lastModified], [userId], [ProvinceCode], [Archived]) VALUES (N'530247a8-bca6-43c0-9f17-bede3bfd7a64', N'DefaultStreet', N'N0J1E0', N'DefaultCity', N'1', N'DefaultFirst', N'DefaultLast', N'CAN', CAST(N'2020-12-08T03:23:01.410' AS DateTime), N'fa72925a-5f72-4537-98d2-9f8e7a5108bf', NULL, 1)
INSERT [dbo].[AddressShipping] ([shippingId], [street], [postalCode], [city], [apartmentNumber], [firstName], [lastName], [CountryCode], [lastModified], [userId], [ProvinceCode], [Archived]) VALUES (N'ba2cdc01-2e1f-4cfc-9ba6-bfb494df95ec', N'DefaultStreet', N'N0J1E0', N'DefaultSCity', N'1', N'DefaultFirst', N'DefaultLast', N'CAN', CAST(N'2020-12-08T01:47:13.507' AS DateTime), N'fa72925a-5f72-4537-98d2-9f8e7a5108bf', NULL, 1)
INSERT [dbo].[AddressShipping] ([shippingId], [street], [postalCode], [city], [apartmentNumber], [firstName], [lastName], [CountryCode], [lastModified], [userId], [ProvinceCode], [Archived]) VALUES (N'd15076e4-fea5-4ad9-9c51-c42ab98bc883', N'DefaultStreet', N'N0J1E0', N'DefaultSCity', N'1', N'DefaultFirst', N'DefaultLast', N'CAN', CAST(N'2020-12-08T02:53:41.187' AS DateTime), N'fa72925a-5f72-4537-98d2-9f8e7a5108bf', NULL, 1)
INSERT [dbo].[AddressShipping] ([shippingId], [street], [postalCode], [city], [apartmentNumber], [firstName], [lastName], [CountryCode], [lastModified], [userId], [ProvinceCode], [Archived]) VALUES (N'fdfa4eb2-2e3c-4038-b78c-c4a82b7f69d4', N'DefaultStreet', N'N0J1E0', N'DefaultSCity', N'1', N'DefaultFirst', N'DefaultLast', N'CAN', CAST(N'2020-12-08T02:49:58.607' AS DateTime), N'fa72925a-5f72-4537-98d2-9f8e7a5108bf', NULL, 1)
INSERT [dbo].[AddressShipping] ([shippingId], [street], [postalCode], [city], [apartmentNumber], [firstName], [lastName], [CountryCode], [lastModified], [userId], [ProvinceCode], [Archived]) VALUES (N'616b8b77-4049-4058-b98e-c4bbc01fb0ab', N'DefaultStreet', N'N0J1E0', N'DefaultSCity', N'1', N'DefaultFirst', N'DefaultLast', N'CAN', CAST(N'2020-12-08T03:09:07.283' AS DateTime), N'fa72925a-5f72-4537-98d2-9f8e7a5108bf', NULL, 1)
INSERT [dbo].[AddressShipping] ([shippingId], [street], [postalCode], [city], [apartmentNumber], [firstName], [lastName], [CountryCode], [lastModified], [userId], [ProvinceCode], [Archived]) VALUES (N'c45a06e6-1753-415b-bceb-c4d1fcc22d68', N'DefaultStreet', N'N0J1E0', N'DefaultSCity', N'1', N'DefaultFirst', N'DefaultLast', N'CAN', CAST(N'2020-12-08T02:36:03.660' AS DateTime), N'fa72925a-5f72-4537-98d2-9f8e7a5108bf', NULL, 1)
INSERT [dbo].[AddressShipping] ([shippingId], [street], [postalCode], [city], [apartmentNumber], [firstName], [lastName], [CountryCode], [lastModified], [userId], [ProvinceCode], [Archived]) VALUES (N'6c6ab7e7-a908-420d-a7ae-c4f83a6a9645', N'TestStreet', N'N2R1W2', N'TestCity', N'TestAptNum', N'TestFirstNam', N'TestLastName', N'CAN', CAST(N'2020-12-08T01:44:40.403' AS DateTime), N'00634eae-b68c-4285-aeed-4eea1484406f', N'AB', 1)
INSERT [dbo].[AddressShipping] ([shippingId], [street], [postalCode], [city], [apartmentNumber], [firstName], [lastName], [CountryCode], [lastModified], [userId], [ProvinceCode], [Archived]) VALUES (N'fb558564-dc8d-4f4c-a784-c7ed2e782bba', N'DefaultStreet', N'N0J1E0', N'DefaultSCity', N'1', N'DefaultFirst', N'DefaultLast', N'CAN', CAST(N'2020-12-08T02:09:59.347' AS DateTime), N'fa72925a-5f72-4537-98d2-9f8e7a5108bf', NULL, 1)
INSERT [dbo].[AddressShipping] ([shippingId], [street], [postalCode], [city], [apartmentNumber], [firstName], [lastName], [CountryCode], [lastModified], [userId], [ProvinceCode], [Archived]) VALUES (N'73fe3be9-f653-461f-85ca-cd4a344c4540', N'DefaultStreet', N'N0J1E0', N'DefaultSCity', N'1', N'DefaultFirst', N'DefaultLast', N'CAN', CAST(N'2020-12-08T02:12:40.817' AS DateTime), N'fa72925a-5f72-4537-98d2-9f8e7a5108bf', NULL, 1)
INSERT [dbo].[AddressShipping] ([shippingId], [street], [postalCode], [city], [apartmentNumber], [firstName], [lastName], [CountryCode], [lastModified], [userId], [ProvinceCode], [Archived]) VALUES (N'1bb5b964-b085-47b6-92bf-cfa8c4af741c', N'DefaultStreet', N'N0J1E0', N'DefaultSCity', N'1', N'DefaultFirst', N'DefaultLast', N'CAN', CAST(N'2020-12-08T02:10:17.283' AS DateTime), N'00634eae-b68c-4285-aeed-4eea1484406f', NULL, 1)
INSERT [dbo].[AddressShipping] ([shippingId], [street], [postalCode], [city], [apartmentNumber], [firstName], [lastName], [CountryCode], [lastModified], [userId], [ProvinceCode], [Archived]) VALUES (N'cbdab3b3-f6b6-4757-9bb1-d494cceb5f81', N'DefaultStreet', N'N0J1E0', N'DefaultCity', N'1', N'DefaultFirst', N'DefaultLast', N'CAN', CAST(N'2020-12-08T03:19:07.640' AS DateTime), N'fa72925a-5f72-4537-98d2-9f8e7a5108bf', NULL, 1)
INSERT [dbo].[AddressShipping] ([shippingId], [street], [postalCode], [city], [apartmentNumber], [firstName], [lastName], [CountryCode], [lastModified], [userId], [ProvinceCode], [Archived]) VALUES (N'102ce240-1f84-4718-baac-d5d462f1808f', N'DefaultStreet', N'N0J1E0', N'DefaultSCity', N'1', N'DefaultFirst', N'DefaultLast', N'CAN', CAST(N'2020-12-08T00:30:03.803' AS DateTime), N'fa72925a-5f72-4537-98d2-9f8e7a5108bf', NULL, 1)
INSERT [dbo].[AddressShipping] ([shippingId], [street], [postalCode], [city], [apartmentNumber], [firstName], [lastName], [CountryCode], [lastModified], [userId], [ProvinceCode], [Archived]) VALUES (N'4b8e2eff-872e-4cfd-9e7a-dad45c2e2771', N'DefaultStreet', N'N0J1E0', N'DefaultSCity', N'1', N'DefaultFirst', N'DefaultLast', N'CAN', CAST(N'2020-12-08T02:23:33.350' AS DateTime), N'fa72925a-5f72-4537-98d2-9f8e7a5108bf', NULL, 1)
INSERT [dbo].[AddressShipping] ([shippingId], [street], [postalCode], [city], [apartmentNumber], [firstName], [lastName], [CountryCode], [lastModified], [userId], [ProvinceCode], [Archived]) VALUES (N'32cb05d6-fe81-43f5-8701-db425f780300', N'DefaultStreet', N'N0J1E0', N'DefaultSCity', N'1', N'DefaultFirst', N'DefaultLast', N'CAN', CAST(N'2020-12-08T02:36:13.657' AS DateTime), N'fa72925a-5f72-4537-98d2-9f8e7a5108bf', NULL, 1)
INSERT [dbo].[AddressShipping] ([shippingId], [street], [postalCode], [city], [apartmentNumber], [firstName], [lastName], [CountryCode], [lastModified], [userId], [ProvinceCode], [Archived]) VALUES (N'9eb2d761-153c-4fa0-b37a-db5220b15907', N'DefaultStreet', N'N0J1E0', N'DefaultSCity', N'1', N'DefaultFirst', N'DefaultLast', N'CAN', CAST(N'2020-12-08T03:05:24.020' AS DateTime), N'fa72925a-5f72-4537-98d2-9f8e7a5108bf', NULL, 1)
INSERT [dbo].[AddressShipping] ([shippingId], [street], [postalCode], [city], [apartmentNumber], [firstName], [lastName], [CountryCode], [lastModified], [userId], [ProvinceCode], [Archived]) VALUES (N'bd5cbfc4-8c53-4d19-bb30-dc45d41f3948', N'DefaultStreet', N'N0J1E0', N'DefaultSCity', N'1', N'DefaultFirst', N'DefaultLast', N'CAN', CAST(N'2020-12-08T02:05:23.020' AS DateTime), N'fa72925a-5f72-4537-98d2-9f8e7a5108bf', NULL, 1)
INSERT [dbo].[AddressShipping] ([shippingId], [street], [postalCode], [city], [apartmentNumber], [firstName], [lastName], [CountryCode], [lastModified], [userId], [ProvinceCode], [Archived]) VALUES (N'38f62c39-91cc-4512-b870-de5b1ff32553', N'DefaultStreet', N'N0J1E0', N'DefaultSCity', N'1', N'DefaultFirst', N'DefaultLast', N'CAN', CAST(N'2020-12-08T01:50:08.850' AS DateTime), N'fa72925a-5f72-4537-98d2-9f8e7a5108bf', NULL, 1)
INSERT [dbo].[AddressShipping] ([shippingId], [street], [postalCode], [city], [apartmentNumber], [firstName], [lastName], [CountryCode], [lastModified], [userId], [ProvinceCode], [Archived]) VALUES (N'1fdc03cc-a606-476f-a674-e2f64e3215ae', N'DefaultStreet', N'N0J1E0', N'DefaultSCity', N'1', N'DefaultFirst', N'DefaultLast', N'CAN', CAST(N'2020-12-08T03:03:53.603' AS DateTime), N'fa72925a-5f72-4537-98d2-9f8e7a5108bf', NULL, 1)
INSERT [dbo].[AddressShipping] ([shippingId], [street], [postalCode], [city], [apartmentNumber], [firstName], [lastName], [CountryCode], [lastModified], [userId], [ProvinceCode], [Archived]) VALUES (N'e0582520-5061-4dfc-bb53-e3095e6c32de', N'DefaultStreet', N'N0J1E0', N'DefaultSCity', N'1', N'DefaultFirst', N'DefaultLast', N'CAN', CAST(N'2020-12-08T02:53:31.670' AS DateTime), N'fa72925a-5f72-4537-98d2-9f8e7a5108bf', NULL, 1)
INSERT [dbo].[AddressShipping] ([shippingId], [street], [postalCode], [city], [apartmentNumber], [firstName], [lastName], [CountryCode], [lastModified], [userId], [ProvinceCode], [Archived]) VALUES (N'e176ec25-c8ec-4a97-80d0-e62cfdc2a70a', N'TestStreet', N'N2R1W2', N'TestCity', N'TestAptNum', N'TestFirstName', N'TestLastName', N'CAN', CAST(N'2020-12-08T03:11:09.463' AS DateTime), N'00634eae-b68c-4285-aeed-4eea1484406f', NULL, 1)
INSERT [dbo].[AddressShipping] ([shippingId], [street], [postalCode], [city], [apartmentNumber], [firstName], [lastName], [CountryCode], [lastModified], [userId], [ProvinceCode], [Archived]) VALUES (N'2ddc1704-4b80-44e2-b510-e9a722ca5b0c', N'DefaultStreet', N'N0J1E0', N'DefaultSCity', N'1', N'DefaultFirst', N'DefaultLast', N'CAN', CAST(N'2020-12-08T02:49:27.647' AS DateTime), N'fa72925a-5f72-4537-98d2-9f8e7a5108bf', NULL, 1)
INSERT [dbo].[AddressShipping] ([shippingId], [street], [postalCode], [city], [apartmentNumber], [firstName], [lastName], [CountryCode], [lastModified], [userId], [ProvinceCode], [Archived]) VALUES (N'34f57eb2-28d0-49f0-87f1-ebcaea80a628', N'DefaultStreet', N'N0J1E0', N'DefaultSCity', N'1', N'DefaultFirst', N'DefaultLast', N'CAN', CAST(N'2020-12-08T02:44:06.783' AS DateTime), N'fa72925a-5f72-4537-98d2-9f8e7a5108bf', NULL, 1)
INSERT [dbo].[AddressShipping] ([shippingId], [street], [postalCode], [city], [apartmentNumber], [firstName], [lastName], [CountryCode], [lastModified], [userId], [ProvinceCode], [Archived]) VALUES (N'62329b08-e64f-40d6-9340-ee4c2af20ffa', N'real rd.', N'N0J1E0', N'waterloo', N'', N'admin', N'last', N'AFG', CAST(N'2020-12-05T18:12:30.220' AS DateTime), N'aacffaee-6a26-440d-b8ae-ea7981b48e7c', NULL, 1)
INSERT [dbo].[AddressShipping] ([shippingId], [street], [postalCode], [city], [apartmentNumber], [firstName], [lastName], [CountryCode], [lastModified], [userId], [ProvinceCode], [Archived]) VALUES (N'b78b611c-6edc-4cb9-a808-ee817b841ba2', N'DefaultStreet', N'N0J1E0', N'DefaultSCity', N'1', N'DefaultFirst', N'DefaultLast', N'CAN', CAST(N'2020-12-08T01:49:33.547' AS DateTime), N'fa72925a-5f72-4537-98d2-9f8e7a5108bf', NULL, 1)
GO
INSERT [dbo].[AddressShipping] ([shippingId], [street], [postalCode], [city], [apartmentNumber], [firstName], [lastName], [CountryCode], [lastModified], [userId], [ProvinceCode], [Archived]) VALUES (N'c323d30c-1512-4eec-ae7f-f005ca179834', N'DefaultStreet', N'N0J1E0', N'DefaultSCity', N'1', N'DefaultFirst', N'DefaultLast', N'CAN', CAST(N'2020-12-08T01:46:27.720' AS DateTime), N'fa72925a-5f72-4537-98d2-9f8e7a5108bf', NULL, 1)
INSERT [dbo].[AddressShipping] ([shippingId], [street], [postalCode], [city], [apartmentNumber], [firstName], [lastName], [CountryCode], [lastModified], [userId], [ProvinceCode], [Archived]) VALUES (N'03a871a1-8c52-4c24-b6da-f0780c1f4f30', N'DefaultStreet', N'N0J1E0', N'DefaultCity', N'1', N'DefaultFirst', N'DefaultLast', N'CAN', CAST(N'2020-12-08T03:17:32.933' AS DateTime), N'00634eae-b68c-4285-aeed-4eea1484406f', NULL, 1)
INSERT [dbo].[AddressShipping] ([shippingId], [street], [postalCode], [city], [apartmentNumber], [firstName], [lastName], [CountryCode], [lastModified], [userId], [ProvinceCode], [Archived]) VALUES (N'c8b8d73e-b2c6-4984-b379-f203d72e3158', N'DefaultStreet', N'N0J1E0', N'DefaultSCity', N'1', N'DefaultFirst', N'DefaultLast', N'CAN', CAST(N'2020-12-08T02:54:52.533' AS DateTime), N'fa72925a-5f72-4537-98d2-9f8e7a5108bf', NULL, 1)
INSERT [dbo].[AddressShipping] ([shippingId], [street], [postalCode], [city], [apartmentNumber], [firstName], [lastName], [CountryCode], [lastModified], [userId], [ProvinceCode], [Archived]) VALUES (N'295b4c87-c5c7-441a-883e-f317909f5d6b', N'DefaultStreet', N'N0J1E0', N'DefaultCity', N'1', N'DefaultFirst', N'DefaultLast', N'CAN', CAST(N'2020-12-08T03:20:14.277' AS DateTime), N'fa72925a-5f72-4537-98d2-9f8e7a5108bf', NULL, 1)
INSERT [dbo].[AddressShipping] ([shippingId], [street], [postalCode], [city], [apartmentNumber], [firstName], [lastName], [CountryCode], [lastModified], [userId], [ProvinceCode], [Archived]) VALUES (N'795dea19-64e0-4847-8cf7-f6c2ff452a0c', N'DefaultStreet', N'N0J1E0', N'DefaultSCity', N'1', N'DefaultFirst', N'DefaultLast', N'CAN', CAST(N'2020-12-08T02:45:17.403' AS DateTime), N'fa72925a-5f72-4537-98d2-9f8e7a5108bf', NULL, 1)
INSERT [dbo].[AddressShipping] ([shippingId], [street], [postalCode], [city], [apartmentNumber], [firstName], [lastName], [CountryCode], [lastModified], [userId], [ProvinceCode], [Archived]) VALUES (N'6b353015-0493-4e6f-88dd-f83ccafa4d3b', N'DefaultStreet', N'N0J1E0', N'DefaultSCity', N'1', N'DefaultFirst', N'DefaultLast', N'CAN', CAST(N'2020-12-08T02:56:53.390' AS DateTime), N'fa72925a-5f72-4537-98d2-9f8e7a5108bf', NULL, 1)
INSERT [dbo].[GameFormat] ([Code], [EnglishCategory], [FrenchCategory]) VALUES (N'B', N'Both', N'')
INSERT [dbo].[GameFormat] ([Code], [EnglishCategory], [FrenchCategory]) VALUES (N'D', N'Digital', N'')
INSERT [dbo].[GameFormat] ([Code], [EnglishCategory], [FrenchCategory]) VALUES (N'P', N'Physical', N'')
INSERT [dbo].[EsrbRating] ([Code], [EnglishRating], [FrenchRating]) VALUES (N'AO   ', N'ADULTS ONLY', N'18 ANS ET PLUS')
INSERT [dbo].[EsrbRating] ([Code], [EnglishRating], [FrenchRating]) VALUES (N'E    ', N'EVERYONE', N'ENFANTS ET ADULTES')
INSERT [dbo].[EsrbRating] ([Code], [EnglishRating], [FrenchRating]) VALUES (N'E10+ ', N'EVERYONE 10+', N'ENFANTS ET ADULTES 10+')
INSERT [dbo].[EsrbRating] ([Code], [EnglishRating], [FrenchRating]) VALUES (N'EC   ', N'EARLY CHILDHOOD', N'JEUNES ENFANTS')
INSERT [dbo].[EsrbRating] ([Code], [EnglishRating], [FrenchRating]) VALUES (N'M    ', N'MATURE', N'JEUNES ADULTES')
INSERT [dbo].[EsrbRating] ([Code], [EnglishRating], [FrenchRating]) VALUES (N'RP   ', N'RATING PENDING', N'COTE EN ATTENTE')
INSERT [dbo].[EsrbRating] ([Code], [EnglishRating], [FrenchRating]) VALUES (N'T    ', N'TEEN', N'ADOLESCENTS')
SET IDENTITY_INSERT [dbo].[GameCategory] ON 

INSERT [dbo].[GameCategory] ([Id], [EnglishCategory], [FrenchCategory]) VALUES (1, N'Action', N'Action')
INSERT [dbo].[GameCategory] ([Id], [EnglishCategory], [FrenchCategory]) VALUES (2, N'Fighting', N'Combat')
INSERT [dbo].[GameCategory] ([Id], [EnglishCategory], [FrenchCategory]) VALUES (3, N'Music & Party', N'Musique et partie ')
INSERT [dbo].[GameCategory] ([Id], [EnglishCategory], [FrenchCategory]) VALUES (4, N'Puzzle', N'Puzzle')
INSERT [dbo].[GameCategory] ([Id], [EnglishCategory], [FrenchCategory]) VALUES (5, N'RPG', N'RPG ')
INSERT [dbo].[GameCategory] ([Id], [EnglishCategory], [FrenchCategory]) VALUES (6, N'Shooter', N'Tireur')
INSERT [dbo].[GameCategory] ([Id], [EnglishCategory], [FrenchCategory]) VALUES (7, N'Simulation', N'Simulation')
INSERT [dbo].[GameCategory] ([Id], [EnglishCategory], [FrenchCategory]) VALUES (8, N'Sports', N'Sports')
INSERT [dbo].[GameCategory] ([Id], [EnglishCategory], [FrenchCategory]) VALUES (9, N'Strategy', N'Stratégie')
SET IDENTITY_INSERT [dbo].[GameCategory] OFF
INSERT [dbo].[GamePerspective] ([Code], [EnglishPerspectiveName], [FrenchPerspectiveName]) VALUES (N'B', N'Bird''''s-eye    ', N'Bird''''s-eye    ')
INSERT [dbo].[GamePerspective] ([Code], [EnglishPerspectiveName], [FrenchPerspectiveName]) VALUES (N'F', N'First-person   ', N'First-person   ')
INSERT [dbo].[GamePerspective] ([Code], [EnglishPerspectiveName], [FrenchPerspectiveName]) VALUES (N'T', N'Third-person   ', N'Third-person   ')
SET IDENTITY_INSERT [dbo].[GameSubCategory] ON 

INSERT [dbo].[GameSubCategory] ([Id], [GameCategoryId], [EnglishCategory], [FrenchCategory]) VALUES (1, 1, N'Adventure', N'Aventure')
INSERT [dbo].[GameSubCategory] ([Id], [GameCategoryId], [EnglishCategory], [FrenchCategory]) VALUES (2, 11, N'Crime', N'Crime')
INSERT [dbo].[GameSubCategory] ([Id], [GameCategoryId], [EnglishCategory], [FrenchCategory]) VALUES (3, 1, N'Flight', N'Vol')
INSERT [dbo].[GameSubCategory] ([Id], [GameCategoryId], [EnglishCategory], [FrenchCategory]) VALUES (4, 1, N'Horror', N'Horreur')
INSERT [dbo].[GameSubCategory] ([Id], [GameCategoryId], [EnglishCategory], [FrenchCategory]) VALUES (5, 1, N'Tactical', N'Tactique')
INSERT [dbo].[GameSubCategory] ([Id], [GameCategoryId], [EnglishCategory], [FrenchCategory]) VALUES (6, 3, N'Dance', N'Danse')
INSERT [dbo].[GameSubCategory] ([Id], [GameCategoryId], [EnglishCategory], [FrenchCategory]) VALUES (7, 3, N'Music', N'Musique')
INSERT [dbo].[GameSubCategory] ([Id], [GameCategoryId], [EnglishCategory], [FrenchCategory]) VALUES (8, 3, N'Party', N'Partie')
INSERT [dbo].[GameSubCategory] ([Id], [GameCategoryId], [EnglishCategory], [FrenchCategory]) VALUES (9, 3, N'Singing', N'Chant')
INSERT [dbo].[GameSubCategory] ([Id], [GameCategoryId], [EnglishCategory], [FrenchCategory]) VALUES (10, 7, N'Aviation', N'Aviation')
INSERT [dbo].[GameSubCategory] ([Id], [GameCategoryId], [EnglishCategory], [FrenchCategory]) VALUES (11, 7, N'Social', N'Social')
INSERT [dbo].[GameSubCategory] ([Id], [GameCategoryId], [EnglishCategory], [FrenchCategory]) VALUES (12, 8, N'Baseball', N'Base-ball')
INSERT [dbo].[GameSubCategory] ([Id], [GameCategoryId], [EnglishCategory], [FrenchCategory]) VALUES (13, 8, N'Basketball', N'Basket-ball')
INSERT [dbo].[GameSubCategory] ([Id], [GameCategoryId], [EnglishCategory], [FrenchCategory]) VALUES (14, 8, N'Billiards', N'Billards')
INSERT [dbo].[GameSubCategory] ([Id], [GameCategoryId], [EnglishCategory], [FrenchCategory]) VALUES (15, 8, N'Bowling', N'Bowling')
INSERT [dbo].[GameSubCategory] ([Id], [GameCategoryId], [EnglishCategory], [FrenchCategory]) VALUES (16, 8, N'Boxing', N'Boxe')
INSERT [dbo].[GameSubCategory] ([Id], [GameCategoryId], [EnglishCategory], [FrenchCategory]) VALUES (17, 8, N'Fishing', N'Pêche')
INSERT [dbo].[GameSubCategory] ([Id], [GameCategoryId], [EnglishCategory], [FrenchCategory]) VALUES (18, 8, N'Football', N'Le football')
INSERT [dbo].[GameSubCategory] ([Id], [GameCategoryId], [EnglishCategory], [FrenchCategory]) VALUES (19, 8, N'Golf', N'Golf')
INSERT [dbo].[GameSubCategory] ([Id], [GameCategoryId], [EnglishCategory], [FrenchCategory]) VALUES (20, 8, N'Hockey', N'Hockey')
INSERT [dbo].[GameSubCategory] ([Id], [GameCategoryId], [EnglishCategory], [FrenchCategory]) VALUES (21, 8, N'Hunting', N'Chasse')
INSERT [dbo].[GameSubCategory] ([Id], [GameCategoryId], [EnglishCategory], [FrenchCategory]) VALUES (22, 8, N'Multi-Sport', N'Multi-sport ')
INSERT [dbo].[GameSubCategory] ([Id], [GameCategoryId], [EnglishCategory], [FrenchCategory]) VALUES (23, 8, N'Racing', N'Emballage')
INSERT [dbo].[GameSubCategory] ([Id], [GameCategoryId], [EnglishCategory], [FrenchCategory]) VALUES (24, 8, N'Skateboarding', N'Skateboarding')
INSERT [dbo].[GameSubCategory] ([Id], [GameCategoryId], [EnglishCategory], [FrenchCategory]) VALUES (25, 8, N'Soccer', N'Le football')
INSERT [dbo].[GameSubCategory] ([Id], [GameCategoryId], [EnglishCategory], [FrenchCategory]) VALUES (26, 8, N'Tennis', N'Tennis')
SET IDENTITY_INSERT [dbo].[GameSubCategory] OFF
INSERT [dbo].[Game] ([Guid], [GameFormatCode], [GameCategoryId], [GameSubCategoryId], [EsrbRatingCode], [EnglishName], [FrenchName], [FrenchVersion], [EnglishPlayerCount], [FrenchPlayerCount], [GamePerspectiveCode], [EnglishTrailer], [FrenchTrailer], [EnglishDescription], [FrenchDescription], [EnglishDetail], [FrenchDetail], [UserName], [lastModified], [Price], [Archived]) VALUES (N'31eca070-e174-11dd-ad8b-0800200c9a66', N'B', 5, 1, N'E    ', N'Final Fantasy Iv', N'', 0, N'1', N'', N'B', N'<object width="425" height="344"><param name="movie" value="http://www.youtube.com/watch?v=mkHJzHIbQQg"></param><param name="allowFullScreen" value="true"></param><embed src="http://www.youtube.com/watch?v=mkHJzHIbQQg" type="application/x-shockwave-flash" allowfullscreen="true" width="425" height="344"></embed></object>', N'', N'EA"s dominating racing series takes a left turn with this uniquely action-oriented entry in the franchise, where players use their driving skills honed in previous NFS games to control their vehicle in dangerous, high speeds encounters. The game features international movie star, Maggie Q, as the lead character in the big-budget live-action sequences that propel the story forward as players get behind the wheel. Undercover takes the franchise back to its roots and re-introduces break-neck cop chases, the world"s hottest cars and spectacular highway battles.', N'', N'Plot - The game"s story mode sets the player in the story as a police officer going undercover into the criminal underground of Tri-City, a fictional city where the game is set. Players take on dangerous jobs and compete in races in order to infiltrate and take down a ruthless international crime smuggling syndicate of street racers and car thieves. The player"s only contacts to the police are federal handler Chase Linh, played by Maggie Q, and later Lt. Jack M. Keller played by Paul Pape.', N'', N'Unknown', NULL, 20, 0)
INSERT [dbo].[Game] ([Guid], [GameFormatCode], [GameCategoryId], [GameSubCategoryId], [EsrbRatingCode], [EnglishName], [FrenchName], [FrenchVersion], [EnglishPlayerCount], [FrenchPlayerCount], [GamePerspectiveCode], [EnglishTrailer], [FrenchTrailer], [EnglishDescription], [FrenchDescription], [EnglishDetail], [FrenchDetail], [UserName], [lastModified], [Price], [Archived]) VALUES (N'd4bf60e0-e178-11dd-ad8b-0800200c9a66', N'B', 8, 20, N'E10+ ', N'NHL 09', N'', 0, N'4', N'', N'F', N'<object width="425" height="344"><param name="movie" value="http://www.youtube.com/watch?v=mkHJzHIbQQg"></param><param name="allowFullScreen" value="true"></param><embed src="http://www.youtube.com/watch?v=mkHJzHIbQQg" type="application/x-shockwave-flash" allowfullscreen="true" width="425" height="344"></embed></object>', N'', N'EA"s dominating racing series takes a left turn with this uniquely action-oriented entry in the franchise, where players use their driving skills honed in previous NFS games to control their vehicle in dangerous, high speeds encounters. The game features international movie star, Maggie Q, as the lead character in the big-budget live-action sequences that propel the story forward as players get behind the wheel. Undercover takes the franchise back to its roots and re-introduces break-neck cop chases, the world"s hottest cars and spectacular highway battles.', N'', N'Plot - The game"s story mode sets the player in the story as a police officer going undercover into the criminal underground of Tri-City, a fictional city where the game is set. Players take on dangerous jobs and compete in races in order to infiltrate and take down a ruthless international crime smuggling syndicate of street racers and car thieves. The player"s only contacts to the police are federal handler Chase Linh, played by Maggie Q, and later Lt. Jack M. Keller played by Paul Pape.', N'', N'Unknown', CAST(N'2020-11-27T19:43:33.703' AS DateTime), 20, 0)
INSERT [dbo].[Game] ([Guid], [GameFormatCode], [GameCategoryId], [GameSubCategoryId], [EsrbRatingCode], [EnglishName], [FrenchName], [FrenchVersion], [EnglishPlayerCount], [FrenchPlayerCount], [GamePerspectiveCode], [EnglishTrailer], [FrenchTrailer], [EnglishDescription], [FrenchDescription], [EnglishDetail], [FrenchDetail], [UserName], [lastModified], [Price], [Archived]) VALUES (N'9f080480-e17c-11dd-ad8b-0800200c9a66', N'B', 5, 1, N'M    ', N'FALLOUT 3', N'FALLOUT 3', 0, N'1', N'0', N'T', N'<object width="425" height="344"><param name="movie" value="http://www.youtube.com/watch?v=mkHJzHIbQQg"></param><param name="allowFullScreen" value="true"></param><embed src="http://www.youtube.com/watch?v=mkHJzHIbQQg" type="application/x-shockwave-flash" allowfullscreen="true" width="425" height="344"></embed></object>', N'<object width="425" height="344"><param name="movie" value="http://www.youtube.com/watch?v=1CfmOxKjYFA"></param><param name="allowFullScreen" value="true"></param><embed src="http://www.youtube.com/watch?v=1CfmOxKjYFA" type="application/x-shockwave-flash" allowfullscreen="true" width="425" height="344"></embed></object>', N'EA"s dominating racing series takes a left turn with this uniquely action-oriented entry in the franchise, where players use their driving skills honed in previous NFS games to control their vehicle in dangerous, high speeds encounters. The game features international movie star, Maggie Q, as the lead character in the big-budget live-action sequences that propel the story forward as players get behind the wheel. Undercover takes the franchise back to its roots and re-introduces break-neck cop chases, the world"s hottest cars and spectacular highway battles.', N'L"EA"S dominant la série courant prend un tour gauche avec cette entrée de façon unique orientée d"action dans la franchise, où les joueurs utilisent leurs adresses de conduite aiguisées dans les jeux NFS précédents pour contrôler leur véhicule dans dangereux, rencontres de grandes vitesses. Le jeu présente la vedette de cinéma internationale, Maggie Q, comme le premier caractère dans les ordres d"action vivante de grand budget qui propulsent l"histoire en avant comme les joueurs se mettent derrière la roue. Secret reprend la franchise à ses racines et représente le flic à se casser le cou cha', N'Plot - The game"s story mode sets the player in the story as a police officer going undercover into the criminal underground of Tri-City, a fictional city where the game is set. Players take on dangerous jobs and compete in races in order to infiltrate and take down a ruthless international crime smuggling syndicate of street racers and car thieves. The player"s only contacts to the police are federal handler Chase Linh, played by Maggie Q, and later Lt. Jack M. Keller played by Paul Pape.', N'<ul><li><strong>Aperçu</strong> - Le mode d"histoire du jeu met le joueur dans l"histoire comme un agent de police allant secret au métro criminel de Tri-ville, une ville fictive où le jeu est mis. Les joueurs embauchent des emplois dangereux et rivalisent dans les courses pour s"infiltrer et descendre un syndicat de contrebande de crime international sans pitié de racers de la rue et de voleurs automobiles. Les seuls contacts du joueur à la police sont la Chasse de dresseur fédérale Linh, joué par Maggie Q et plus tard Lt. Jack M. Keller joué par Paul Pape.</li></ul>', N'Unknown', NULL, 20, 0)
INSERT [dbo].[Game] ([Guid], [GameFormatCode], [GameCategoryId], [GameSubCategoryId], [EsrbRatingCode], [EnglishName], [FrenchName], [FrenchVersion], [EnglishPlayerCount], [FrenchPlayerCount], [GamePerspectiveCode], [EnglishTrailer], [FrenchTrailer], [EnglishDescription], [FrenchDescription], [EnglishDetail], [FrenchDetail], [UserName], [lastModified], [Price], [Archived]) VALUES (N'0ad81ba8-548b-4023-b15e-0ab1c82db66f', N'B', 1, 1, N'AO   ', N'Selenium Editted Test Game', N'', 0, N'1', N'', N'B', NULL, N'', N'Selenium Test Description', N'', N'Selenium Test Detail', N'', N'Unknown', CAST(N'2020-12-08T03:20:50.453' AS DateTime), 15, 1)
INSERT [dbo].[Game] ([Guid], [GameFormatCode], [GameCategoryId], [GameSubCategoryId], [EsrbRatingCode], [EnglishName], [FrenchName], [FrenchVersion], [EnglishPlayerCount], [FrenchPlayerCount], [GamePerspectiveCode], [EnglishTrailer], [FrenchTrailer], [EnglishDescription], [FrenchDescription], [EnglishDetail], [FrenchDetail], [UserName], [lastModified], [Price], [Archived]) VALUES (N'9aaf8ce2-88ec-4813-97aa-0b4420ddf970', N'B', 1, 2, N'T    ', N'Tomb Raider: UnderWorld', N'Commando de tombeau : Pègre', 1, N'16', N'16', N'T', N'<object width="425" height="344"><param name="movie" value="http://www.youtube.com/watch?v=mkHJzHIbQQg"></param><param name="allowFullScreen" value="true"></param><embed src="http://www.youtube.com/watch?v=mkHJzHIbQQg" type="application/x-shockwave-flash" allowfullscreen="true" width="425" height="344"></embed></object>', N'<object width="425" height="344"><param name="movie" value="http://www.youtube.com/watch?v=1CfmOxKjYFA"></param><param name="allowFullScreen" value="true"></param><embed src="http://www.youtube.com/watch?v=1CfmOxKjYFA" type="application/x-shockwave-flash" allowfullscreen="true" width="425" height="344"></embed></object>', N'EA"s dominating racing series takes a left turn with this uniquely action-oriented entry in the franchise, where players use their driving skills honed in previous NFS games to control their vehicle in dangerous, high speeds encounters. The game features international movie star, Maggie Q, as the lead character in the big-budget live-action sequences that propel the story forward as players get behind the wheel. Undercover takes the franchise back to its roots and re-introduces break-neck cop chases, the world"s hottest cars and spectacular highway battles.', N'L"EA"S dominant la série courant prend un tour gauche avec cette entrée de façon unique orientée d"action dans la franchise, où les joueurs utilisent leurs adresses de conduite aiguisées dans les jeux NFS précédents pour contrôler leur véhicule dans dangereux, rencontres de grandes vitesses. Le jeu présente la vedette de cinéma internationale, Maggie Q, comme le premier caractère dans les ordres d"action vivante de grand budget qui propulsent l"histoire en avant comme les joueurs se mettent derrière la roue. Secret reprend la franchise à ses racines et représente le flic à se casser le cou cha', N'Plot - The game"s story mode sets the player in the story as a police officer going undercover into the criminal underground of Tri-City, a fictional city where the game is set. Players take on dangerous jobs and compete in races in order to infiltrate and take down a ruthless international crime smuggling syndicate of street racers and car thieves. The player"s only contacts to the police are federal handler Chase Linh, played by Maggie Q, and later Lt. Jack M. Keller played by Paul Pape.', N'<ul><li><strong>Aperçu</strong> - Le mode d"histoire du jeu met le joueur dans l"histoire comme un agent de police allant secret au métro criminel de Tri-ville, une ville fictive où le jeu est mis. Les joueurs embauchent des emplois dangereux et rivalisent dans les courses pour s"infiltrer et descendre un syndicat de contrebande de crime international sans pitié de racers de la rue et de voleurs automobiles. Les seuls contacts du joueur à la police sont la Chasse de dresseur fédérale Linh, joué par Maggie Q et plus tard Lt. Jack M. Keller joué par Paul Pape.</li></ul>', N'Unknown', NULL, 20, 0)
INSERT [dbo].[Game] ([Guid], [GameFormatCode], [GameCategoryId], [GameSubCategoryId], [EsrbRatingCode], [EnglishName], [FrenchName], [FrenchVersion], [EnglishPlayerCount], [FrenchPlayerCount], [GamePerspectiveCode], [EnglishTrailer], [FrenchTrailer], [EnglishDescription], [FrenchDescription], [EnglishDetail], [FrenchDetail], [UserName], [lastModified], [Price], [Archived]) VALUES (N'5045d14b-21ca-415e-82fa-165f782a7e9c', N'B', 1, 1, N'AO   ', N'TestTitle', N'', 0, N'1', N'', N'B', NULL, N'', N'testdes', N'', N'testde', N'', N'Unknown', CAST(N'2020-12-05T15:16:03.190' AS DateTime), 15.99, 0)
INSERT [dbo].[Game] ([Guid], [GameFormatCode], [GameCategoryId], [GameSubCategoryId], [EsrbRatingCode], [EnglishName], [FrenchName], [FrenchVersion], [EnglishPlayerCount], [FrenchPlayerCount], [GamePerspectiveCode], [EnglishTrailer], [FrenchTrailer], [EnglishDescription], [FrenchDescription], [EnglishDetail], [FrenchDetail], [UserName], [lastModified], [Price], [Archived]) VALUES (N'378b6fb9-3966-4f3a-8bc9-1760e8a93023', N'B', 6, NULL, N'M    ', N'CALL OF DUTY: WORLD AT WAR', N'CALL OF DUTY: WORLD AT WAR', 1, N'4', N'4', N'F', N'<object width="425" height="344"><param name="movie" value="http://www.youtube.com/watch?v=mkHJzHIbQQg"></param><param name="allowFullScreen" value="true"></param><embed src="http://www.youtube.com/watch?v=mkHJzHIbQQg" type="application/x-shockwave-flash" allowfullscreen="true" width="425" height="344"></embed></object>', N'<object width="425" height="344"><param name="movie" value="http://www.youtube.com/watch?v=1CfmOxKjYFA"></param><param name="allowFullScreen" value="true"></param><embed src="http://www.youtube.com/watch?v=1CfmOxKjYFA" type="application/x-shockwave-flash" allowfullscreen="true" width="425" height="344"></embed></object>', N'EA"s dominating racing series takes a left turn with this uniquely action-oriented entry in the franchise, where players use their driving skills honed in previous NFS games to control their vehicle in dangerous, high speeds encounters. The game features international movie star, Maggie Q, as the lead character in the big-budget live-action sequences that propel the story forward as players get behind the wheel. Undercover takes the franchise back to its roots and re-introduces break-neck cop chases, the world"s hottest cars and spectacular highway battles.', N'L"EA"S dominant la série courant prend un tour gauche avec cette entrée de façon unique orientée d"action dans la franchise, où les joueurs utilisent leurs adresses de conduite aiguisées dans les jeux NFS précédents pour contrôler leur véhicule dans dangereux, rencontres de grandes vitesses. Le jeu présente la vedette de cinéma internationale, Maggie Q, comme le premier caractère dans les ordres d"action vivante de grand budget qui propulsent l"histoire en avant comme les joueurs se mettent derrière la roue. Secret reprend la franchise à ses racines et représente le flic à se casser le cou cha', N'Plot - The game"s story mode sets the player in the story as a police officer going undercover into the criminal underground of Tri-City, a fictional city where the game is set. Players take on dangerous jobs and compete in races in order to infiltrate and take down a ruthless international crime smuggling syndicate of street racers and car thieves. The player"s only contacts to the police are federal handler Chase Linh, played by Maggie Q, and later Lt. Jack M. Keller played by Paul Pape.', N'<ul><li><strong>Aperçu</strong> - Le mode d"histoire du jeu met le joueur dans l"histoire comme un agent de police allant secret au métro criminel de Tri-ville, une ville fictive où le jeu est mis. Les joueurs embauchent des emplois dangereux et rivalisent dans les courses pour s"infiltrer et descendre un syndicat de contrebande de crime international sans pitié de racers de la rue et de voleurs automobiles. Les seuls contacts du joueur à la police sont la Chasse de dresseur fédérale Linh, joué par Maggie Q et plus tard Lt. Jack M. Keller joué par Paul Pape.</li></ul>', N'Unknown', NULL, 20, 0)
INSERT [dbo].[Game] ([Guid], [GameFormatCode], [GameCategoryId], [GameSubCategoryId], [EsrbRatingCode], [EnglishName], [FrenchName], [FrenchVersion], [EnglishPlayerCount], [FrenchPlayerCount], [GamePerspectiveCode], [EnglishTrailer], [FrenchTrailer], [EnglishDescription], [FrenchDescription], [EnglishDetail], [FrenchDetail], [UserName], [lastModified], [Price], [Archived]) VALUES (N'f8a4d87b-2a5c-42d8-98fe-197a79ea7031', N'B', 6, 5, N'M    ', N'Rainbow Six: Vegas 2', N'Rainbow Six: Vegas 2', 1, N'16', N'16', N'F', N'<object width="425" height="344"><param name="movie" value="http://www.youtube.com/watch?v=mkHJzHIbQQg"></param><param name="allowFullScreen" value="true"></param><embed src="http://www.youtube.com/watch?v=mkHJzHIbQQg" type="application/x-shockwave-flash" allowfullscreen="true" width="425" height="344"></embed></object>', N'<object width="425" height="344"><param name="movie" value="http://www.youtube.com/watch?v=1CfmOxKjYFA"></param><param name="allowFullScreen" value="true"></param><embed src="http://www.youtube.com/watch?v=1CfmOxKjYFA" type="application/x-shockwave-flash" allowfullscreen="true" width="425" height="344"></embed></object>', N'EA"s dominating racing series takes a left turn with this uniquely action-oriented entry in the franchise, where players use their driving skills honed in previous NFS games to control their vehicle in dangerous, high speeds encounters. The game features international movie star, Maggie Q, as the lead character in the big-budget live-action sequences that propel the story forward as players get behind the wheel. Undercover takes the franchise back to its roots and re-introduces break-neck cop chases, the world"s hottest cars and spectacular highway battles.', N'L"EA"S dominant la série courant prend un tour gauche avec cette entrée de façon unique orientée d"action dans la franchise, où les joueurs utilisent leurs adresses de conduite aiguisées dans les jeux NFS précédents pour contrôler leur véhicule dans dangereux, rencontres de grandes vitesses. Le jeu présente la vedette de cinéma internationale, Maggie Q, comme le premier caractère dans les ordres d"action vivante de grand budget qui propulsent l"histoire en avant comme les joueurs se mettent derrière la roue. Secret reprend la franchise à ses racines et représente le flic à se casser le cou cha', N'Plot - The game"s story mode sets the player in the story as a police officer going undercover into the criminal underground of Tri-City, a fictional city where the game is set. Players take on dangerous jobs and compete in races in order to infiltrate and take down a ruthless international crime smuggling syndicate of street racers and car thieves. The player"s only contacts to the police are federal handler Chase Linh, played by Maggie Q, and later Lt. Jack M. Keller played by Paul Pape.', N'<ul><li><strong>Aperçu</strong> - Le mode d"histoire du jeu met le joueur dans l"histoire comme un agent de police allant secret au métro criminel de Tri-ville, une ville fictive où le jeu est mis. Les joueurs embauchent des emplois dangereux et rivalisent dans les courses pour s"infiltrer et descendre un syndicat de contrebande de crime international sans pitié de racers de la rue et de voleurs automobiles. Les seuls contacts du joueur à la police sont la Chasse de dresseur fédérale Linh, joué par Maggie Q et plus tard Lt. Jack M. Keller joué par Paul Pape.</li></ul>', N'Unknown', NULL, 20, 0)
INSERT [dbo].[Game] ([Guid], [GameFormatCode], [GameCategoryId], [GameSubCategoryId], [EsrbRatingCode], [EnglishName], [FrenchName], [FrenchVersion], [EnglishPlayerCount], [FrenchPlayerCount], [GamePerspectiveCode], [EnglishTrailer], [FrenchTrailer], [EnglishDescription], [FrenchDescription], [EnglishDetail], [FrenchDetail], [UserName], [lastModified], [Price], [Archived]) VALUES (N'd47396d7-fefb-4720-a609-1bf4e43e2c94', N'B', 5, 1, N'M    ', N'Fable: The Lost Chapters', N'Fable: The Lost Chapters', 1, N'1', N'1', N'T', N'<object width="425" height="344"><param name="movie" value="http://www.youtube.com/watch?v=mkHJzHIbQQg"></param><param name="allowFullScreen" value="true"></param><embed src="http://www.youtube.com/watch?v=mkHJzHIbQQg" type="application/x-shockwave-flash" allowfullscreen="true" width="425" height="344"></embed></object>', N'<object width="425" height="344"><param name="movie" value="http://www.youtube.com/watch?v=1CfmOxKjYFA"></param><param name="allowFullScreen" value="true"></param><embed src="http://www.youtube.com/watch?v=1CfmOxKjYFA" type="application/x-shockwave-flash" allowfullscreen="true" width="425" height="344"></embed></object>', N'EA"s dominating racing series takes a left turn with this uniquely action-oriented entry in the franchise, where players use their driving skills honed in previous NFS games to control their vehicle in dangerous, high speeds encounters. The game features international movie star, Maggie Q, as the lead character in the big-budget live-action sequences that propel the story forward as players get behind the wheel. Undercover takes the franchise back to its roots and re-introduces break-neck cop chases, the world"s hottest cars and spectacular highway battles.', N'L"EA"S dominant la série courant prend un tour gauche avec cette entrée de façon unique orientée d"action dans la franchise, où les joueurs utilisent leurs adresses de conduite aiguisées dans les jeux NFS précédents pour contrôler leur véhicule dans dangereux, rencontres de grandes vitesses. Le jeu présente la vedette de cinéma internationale, Maggie Q, comme le premier caractère dans les ordres d"action vivante de grand budget qui propulsent l"histoire en avant comme les joueurs se mettent derrière la roue. Secret reprend la franchise à ses racines et représente le flic à se casser le cou cha', N'Plot - The game"s story mode sets the player in the story as a police officer going undercover into the criminal underground of Tri-City, a fictional city where the game is set. Players take on dangerous jobs and compete in races in order to infiltrate and take down a ruthless international crime smuggling syndicate of street racers and car thieves. The player"s only contacts to the police are federal handler Chase Linh, played by Maggie Q, and later Lt. Jack M. Keller played by Paul Pape.', N'<ul><li><strong>Aperçu</strong> - Le mode d"histoire du jeu met le joueur dans l"histoire comme un agent de police allant secret au métro criminel de Tri-ville, une ville fictive où le jeu est mis. Les joueurs embauchent des emplois dangereux et rivalisent dans les courses pour s"infiltrer et descendre un syndicat de contrebande de crime international sans pitié de racers de la rue et de voleurs automobiles. Les seuls contacts du joueur à la police sont la Chasse de dresseur fédérale Linh, joué par Maggie Q et plus tard Lt. Jack M. Keller joué par Paul Pape.</li></ul>', N'Unknown', NULL, 20, 0)
INSERT [dbo].[Game] ([Guid], [GameFormatCode], [GameCategoryId], [GameSubCategoryId], [EsrbRatingCode], [EnglishName], [FrenchName], [FrenchVersion], [EnglishPlayerCount], [FrenchPlayerCount], [GamePerspectiveCode], [EnglishTrailer], [FrenchTrailer], [EnglishDescription], [FrenchDescription], [EnglishDetail], [FrenchDetail], [UserName], [lastModified], [Price], [Archived]) VALUES (N'baf3be0f-7351-47f4-b56b-1cad5b764740', N'B', 1, 5, N'T    ', N'Medal of Honour: European Assault', N'', 0, N'4', N'', N'F', N'<object width="425" height="344"><param name="movie" value="http://www.youtube.com/watch?v=mkHJzHIbQQg"></param><param name="allowFullScreen" value="true"></param><embed src="http://www.youtube.com/watch?v=mkHJzHIbQQg" type="application/x-shockwave-flash" allowfullscreen="true" width="425" height="344"></embed></object>', N'<object width="425" height="344"><param name="movie" value="http://www.youtube.com/watch?v=1CfmOxKjYFA"></param><param name="allowFullScreen" value="true"></param><embed src="http://www.youtube.com/watch?v=1CfmOxKjYFA" type="application/x-shockwave-flash" allowfullscreen="true" width="425" height="344"></embed></object>', N'EA"s dominating racing series takes a left turn with this uniquely action-oriented entry in the franchise, where players use their driving skills honed in previous NFS games to control their vehicle in dangerous, high speeds encounters. The game features international movie star, Maggie Q, as the lead character in the big-budget live-action sequences that propel the story forward as players get behind the wheel. Undercover takes the franchise back to its roots and re-introduces break-neck cop chases, the world"s hottest cars and spectacular highway battles.', N'L"EA"S dominant la série courant prend un tour gauche avec cette entrée de façon unique orientée d"action dans la franchise, où les joueurs utilisent leurs adresses de conduite aiguisées dans les jeux NFS précédents pour contrôler leur véhicule dans dangereux, rencontres de grandes vitesses. Le jeu présente la vedette de cinéma internationale, Maggie Q, comme le premier caractère dans les ordres d"action vivante de grand budget qui propulsent l"histoire en avant comme les joueurs se mettent derrière la roue. Secret reprend la franchise à ses racines et représente le flic à se casser le cou cha', N'Plot - The game"s story mode sets the player in the story as a police officer going undercover into the criminal underground of Tri-City, a fictional city where the game is set. Players take on dangerous jobs and compete in races in order to infiltrate and take down a ruthless international crime smuggling syndicate of street racers and car thieves. The player"s only contacts to the police are federal handler Chase Linh, played by Maggie Q, and later Lt. Jack M. Keller played by Paul Pape.', N'<ul><li><strong>Aperçu</strong> - Le mode d"histoire du jeu met le joueur dans l"histoire comme un agent de police allant secret au métro criminel de Tri-ville, une ville fictive où le jeu est mis. Les joueurs embauchent des emplois dangereux et rivalisent dans les courses pour s"infiltrer et descendre un syndicat de contrebande de crime international sans pitié de racers de la rue et de voleurs automobiles. Les seuls contacts du joueur à la police sont la Chasse de dresseur fédérale Linh, joué par Maggie Q et plus tard Lt. Jack M. Keller joué par Paul Pape.</li></ul>', N'Unknown', NULL, 20, 0)
INSERT [dbo].[Game] ([Guid], [GameFormatCode], [GameCategoryId], [GameSubCategoryId], [EsrbRatingCode], [EnglishName], [FrenchName], [FrenchVersion], [EnglishPlayerCount], [FrenchPlayerCount], [GamePerspectiveCode], [EnglishTrailer], [FrenchTrailer], [EnglishDescription], [FrenchDescription], [EnglishDetail], [FrenchDetail], [UserName], [lastModified], [Price], [Archived]) VALUES (N'62dbf61f-2a37-4afb-99ea-28ed38142581', N'B', 6, 1, N'M    ', N'UNREAL TOURNAMENT 3', N'UNREAL TOURNAMENT 3', 1, N'1', N'1', N'F', N'<object width="425" height="344"><param name="movie" value="http://www.youtube.com/watch?v=mkHJzHIbQQg"></param><param name="allowFullScreen" value="true"></param><embed src="http://www.youtube.com/watch?v=mkHJzHIbQQg" type="application/x-shockwave-flash" allowfullscreen="true" width="425" height="344"></embed></object>', N'<object width="425" height="344"><param name="movie" value="http://www.youtube.com/watch?v=1CfmOxKjYFA"></param><param name="allowFullScreen" value="true"></param><embed src="http://www.youtube.com/watch?v=1CfmOxKjYFA" type="application/x-shockwave-flash" allowfullscreen="true" width="425" height="344"></embed></object>', N'EA"s dominating racing series takes a left turn with this uniquely action-oriented entry in the franchise, where players use their driving skills honed in previous NFS games to control their vehicle in dangerous, high speeds encounters. The game features international movie star, Maggie Q, as the lead character in the big-budget live-action sequences that propel the story forward as players get behind the wheel. Undercover takes the franchise back to its roots and re-introduces break-neck cop chases, the world"s hottest cars and spectacular highway battles.', N'L"EA"S dominant la série courant prend un tour gauche avec cette entrée de façon unique orientée d"action dans la franchise, où les joueurs utilisent leurs adresses de conduite aiguisées dans les jeux NFS précédents pour contrôler leur véhicule dans dangereux, rencontres de grandes vitesses. Le jeu présente la vedette de cinéma internationale, Maggie Q, comme le premier caractère dans les ordres d"action vivante de grand budget qui propulsent l"histoire en avant comme les joueurs se mettent derrière la roue. Secret reprend la franchise à ses racines et représente le flic à se casser le cou cha', N'Plot - The game"s story mode sets the player in the story as a police officer going undercover into the criminal underground of Tri-City, a fictional city where the game is set. Players take on dangerous jobs and compete in races in order to infiltrate and take down a ruthless international crime smuggling syndicate of street racers and car thieves. The player"s only contacts to the police are federal handler Chase Linh, played by Maggie Q, and later Lt. Jack M. Keller played by Paul Pape.', N'<ul><li><strong>Aperçu</strong> - Le mode d"histoire du jeu met le joueur dans l"histoire comme un agent de police allant secret au métro criminel de Tri-ville, une ville fictive où le jeu est mis. Les joueurs embauchent des emplois dangereux et rivalisent dans les courses pour s"infiltrer et descendre un syndicat de contrebande de crime international sans pitié de racers de la rue et de voleurs automobiles. Les seuls contacts du joueur à la police sont la Chasse de dresseur fédérale Linh, joué par Maggie Q et plus tard Lt. Jack M. Keller joué par Paul Pape.</li></ul>', N'Unknown', NULL, 20, 0)
INSERT [dbo].[Game] ([Guid], [GameFormatCode], [GameCategoryId], [GameSubCategoryId], [EsrbRatingCode], [EnglishName], [FrenchName], [FrenchVersion], [EnglishPlayerCount], [FrenchPlayerCount], [GamePerspectiveCode], [EnglishTrailer], [FrenchTrailer], [EnglishDescription], [FrenchDescription], [EnglishDetail], [FrenchDetail], [UserName], [lastModified], [Price], [Archived]) VALUES (N'b1835a65-5be0-4193-9ff4-2ab86c6fed88', N'B', 1, 11, N'T    ', N'SAINTS ROW II', N'SAINTS ROW II', 1, N'2', N'2', N'T', N'<object width="425" height="344"><param name="movie" value="http://www.youtube.com/watch?v=mkHJzHIbQQg"></param><param name="allowFullScreen" value="true"></param><embed src="http://www.youtube.com/watch?v=mkHJzHIbQQg" type="application/x-shockwave-flash" allowfullscreen="true" width="425" height="344"></embed></object>', N'<object width="425" height="344"><param name="movie" value="http://www.youtube.com/watch?v=1CfmOxKjYFA"></param><param name="allowFullScreen" value="true"></param><embed src="http://www.youtube.com/watch?v=1CfmOxKjYFA" type="application/x-shockwave-flash" allowfullscreen="true" width="425" height="344"></embed></object>', N'EA"s dominating racing series takes a left turn with this uniquely action-oriented entry in the franchise, where players use their driving skills honed in previous NFS games to control their vehicle in dangerous, high speeds encounters. The game features international movie star, Maggie Q, as the lead character in the big-budget live-action sequences that propel the story forward as players get behind the wheel. Undercover takes the franchise back to its roots and re-introduces break-neck cop chases, the world"s hottest cars and spectacular highway battles.', N'L"EA"S dominant la série courant prend un tour gauche avec cette entrée de façon unique orientée d"action dans la franchise, où les joueurs utilisent leurs adresses de conduite aiguisées dans les jeux NFS précédents pour contrôler leur véhicule dans dangereux, rencontres de grandes vitesses. Le jeu présente la vedette de cinéma internationale, Maggie Q, comme le premier caractère dans les ordres d"action vivante de grand budget qui propulsent l"histoire en avant comme les joueurs se mettent derrière la roue. Secret reprend la franchise à ses racines et représente le flic à se casser le cou cha', N'Plot - The game"s story mode sets the player in the story as a police officer going undercover into the criminal underground of Tri-City, a fictional city where the game is set. Players take on dangerous jobs and compete in races in order to infiltrate and take down a ruthless international crime smuggling syndicate of street racers and car thieves. The player"s only contacts to the police are federal handler Chase Linh, played by Maggie Q, and later Lt. Jack M. Keller played by Paul Pape.', N'<ul><li><strong>Aperçu</strong> - Le mode d"histoire du jeu met le joueur dans l"histoire comme un agent de police allant secret au métro criminel de Tri-ville, une ville fictive où le jeu est mis. Les joueurs embauchent des emplois dangereux et rivalisent dans les courses pour s"infiltrer et descendre un syndicat de contrebande de crime international sans pitié de racers de la rue et de voleurs automobiles. Les seuls contacts du joueur à la police sont la Chasse de dresseur fédérale Linh, joué par Maggie Q et plus tard Lt. Jack M. Keller joué par Paul Pape.</li></ul>', N'Unknown', NULL, 20, 0)
INSERT [dbo].[Game] ([Guid], [GameFormatCode], [GameCategoryId], [GameSubCategoryId], [EsrbRatingCode], [EnglishName], [FrenchName], [FrenchVersion], [EnglishPlayerCount], [FrenchPlayerCount], [GamePerspectiveCode], [EnglishTrailer], [FrenchTrailer], [EnglishDescription], [FrenchDescription], [EnglishDetail], [FrenchDetail], [UserName], [lastModified], [Price], [Archived]) VALUES (N'ccb5addc-2b11-4b88-8f5f-2e0e07fa6d9b', N'B', 8, 20, N'E    ', N'NHL 2K9', N'NHL 2K9', 1, N'4', N'4', N'T', N'<object width="425" height="344"><param name="movie" value="http://www.youtube.com/watch?v=mkHJzHIbQQg"></param><param name="allowFullScreen" value="true"></param><embed src="http://www.youtube.com/watch?v=mkHJzHIbQQg" type="application/x-shockwave-flash" allowfullscreen="true" width="425" height="344"></embed></object>', N'<object width="425" height="344"><param name="movie" value="http://www.youtube.com/watch?v=1CfmOxKjYFA"></param><param name="allowFullScreen" value="true"></param><embed src="http://www.youtube.com/watch?v=1CfmOxKjYFA" type="application/x-shockwave-flash" allowfullscreen="true" width="425" height="344"></embed></object>', N'EA"s dominating racing series takes a left turn with this uniquely action-oriented entry in the franchise, where players use their driving skills honed in previous NFS games to control their vehicle in dangerous, high speeds encounters. The game features international movie star, Maggie Q, as the lead character in the big-budget live-action sequences that propel the story forward as players get behind the wheel. Undercover takes the franchise back to its roots and re-introduces break-neck cop chases, the world"s hottest cars and spectacular highway battles.', N'L"EA"S dominant la série courant prend un tour gauche avec cette entrée de façon unique orientée d"action dans la franchise, où les joueurs utilisent leurs adresses de conduite aiguisées dans les jeux NFS précédents pour contrôler leur véhicule dans dangereux, rencontres de grandes vitesses. Le jeu présente la vedette de cinéma internationale, Maggie Q, comme le premier caractère dans les ordres d"action vivante de grand budget qui propulsent l"histoire en avant comme les joueurs se mettent derrière la roue. Secret reprend la franchise à ses racines et représente le flic à se casser le cou cha', N'Plot - The game"s story mode sets the player in the story as a police officer going undercover into the criminal underground of Tri-City, a fictional city where the game is set. Players take on dangerous jobs and compete in races in order to infiltrate and take down a ruthless international crime smuggling syndicate of street racers and car thieves. The player"s only contacts to the police are federal handler Chase Linh, played by Maggie Q, and later Lt. Jack M. Keller played by Paul Pape.', N'<ul><li><strong>Aperçu</strong> - Le mode d"histoire du jeu met le joueur dans l"histoire comme un agent de police allant secret au métro criminel de Tri-ville, une ville fictive où le jeu est mis. Les joueurs embauchent des emplois dangereux et rivalisent dans les courses pour s"infiltrer et descendre un syndicat de contrebande de crime international sans pitié de racers de la rue et de voleurs automobiles. Les seuls contacts du joueur à la police sont la Chasse de dresseur fédérale Linh, joué par Maggie Q et plus tard Lt. Jack M. Keller joué par Paul Pape.</li></ul>', N'Unknown', NULL, 20, 0)
INSERT [dbo].[Game] ([Guid], [GameFormatCode], [GameCategoryId], [GameSubCategoryId], [EsrbRatingCode], [EnglishName], [FrenchName], [FrenchVersion], [EnglishPlayerCount], [FrenchPlayerCount], [GamePerspectiveCode], [EnglishTrailer], [FrenchTrailer], [EnglishDescription], [FrenchDescription], [EnglishDetail], [FrenchDetail], [UserName], [lastModified], [Price], [Archived]) VALUES (N'c8a0a107-e0be-46e6-a4a8-32ad613f04b8', N'B', 3, 7, N'T    ', N'GUITAR HERO WORLD TOUR', N'GUITAR HERO WORLD TOUR', 1, N'4', N'4', N'B', N'<object width="425" height="344"><param name="movie" value="http://www.youtube.com/watch?v=mkHJzHIbQQg"></param><param name="allowFullScreen" value="true"></param><embed src="http://www.youtube.com/watch?v=mkHJzHIbQQg" type="application/x-shockwave-flash" allowfullscreen="true" width="425" height="344"></embed></object>', N'<object width="425" height="344"><param name="movie" value="http://www.youtube.com/watch?v=1CfmOxKjYFA"></param><param name="allowFullScreen" value="true"></param><embed src="http://www.youtube.com/watch?v=1CfmOxKjYFA" type="application/x-shockwave-flash" allowfullscreen="true" width="425" height="344"></embed></object>', N'EA"s dominating racing series takes a left turn with this uniquely action-oriented entry in the franchise, where players use their driving skills honed in previous NFS games to control their vehicle in dangerous, high speeds encounters. The game features international movie star, Maggie Q, as the lead character in the big-budget live-action sequences that propel the story forward as players get behind the wheel. Undercover takes the franchise back to its roots and re-introduces break-neck cop chases, the world"s hottest cars and spectacular highway battles.', N'L"EA"S dominant la série courant prend un tour gauche avec cette entrée de façon unique orientée d"action dans la franchise, où les joueurs utilisent leurs adresses de conduite aiguisées dans les jeux NFS précédents pour contrôler leur véhicule dans dangereux, rencontres de grandes vitesses. Le jeu présente la vedette de cinéma internationale, Maggie Q, comme le premier caractère dans les ordres d"action vivante de grand budget qui propulsent l"histoire en avant comme les joueurs se mettent derrière la roue. Secret reprend la franchise à ses racines et représente le flic à se casser le cou cha', N'Plot - The game"s story mode sets the player in the story as a police officer going undercover into the criminal underground of Tri-City, a fictional city where the game is set. Players take on dangerous jobs and compete in races in order to infiltrate and take down a ruthless international crime smuggling syndicate of street racers and car thieves. The player"s only contacts to the police are federal handler Chase Linh, played by Maggie Q, and later Lt. Jack M. Keller played by Paul Pape.', N'<ul><li><strong>Aperçu</strong> - Le mode d"histoire du jeu met le joueur dans l"histoire comme un agent de police allant secret au métro criminel de Tri-ville, une ville fictive où le jeu est mis. Les joueurs embauchent des emplois dangereux et rivalisent dans les courses pour s"infiltrer et descendre un syndicat de contrebande de crime international sans pitié de racers de la rue et de voleurs automobiles. Les seuls contacts du joueur à la police sont la Chasse de dresseur fédérale Linh, joué par Maggie Q et plus tard Lt. Jack M. Keller joué par Paul Pape.</li></ul>', N'Unknown', NULL, 20, 0)
INSERT [dbo].[Game] ([Guid], [GameFormatCode], [GameCategoryId], [GameSubCategoryId], [EsrbRatingCode], [EnglishName], [FrenchName], [FrenchVersion], [EnglishPlayerCount], [FrenchPlayerCount], [GamePerspectiveCode], [EnglishTrailer], [FrenchTrailer], [EnglishDescription], [FrenchDescription], [EnglishDetail], [FrenchDetail], [UserName], [lastModified], [Price], [Archived]) VALUES (N'3c1d679e-4368-484e-abf1-516d31cd25bd', N'B', 1, 1, N'AO   ', N'Super Mario 3', N'', 0, N'2', N'', N'B', NULL, N'', N'A super mario game', N'', N'79.99', N'', N'Unknown', CAST(N'2020-12-08T17:06:21.187' AS DateTime), 79.99, 0)
INSERT [dbo].[Game] ([Guid], [GameFormatCode], [GameCategoryId], [GameSubCategoryId], [EsrbRatingCode], [EnglishName], [FrenchName], [FrenchVersion], [EnglishPlayerCount], [FrenchPlayerCount], [GamePerspectiveCode], [EnglishTrailer], [FrenchTrailer], [EnglishDescription], [FrenchDescription], [EnglishDetail], [FrenchDetail], [UserName], [lastModified], [Price], [Archived]) VALUES (N'd9ab9e45-79de-40aa-8da6-53711935ef06', N'B', 6, 4, N'M    ', N'Left 4 Dead', N'Left 4 Dead', 1, N'8', N'8', N'F', N'<object width="425" height="344"><param name="movie" value="http://www.youtube.com/watch?v=mkHJzHIbQQg"></param><param name="allowFullScreen" value="true"></param><embed src="http://www.youtube.com/watch?v=mkHJzHIbQQg" type="application/x-shockwave-flash" allowfullscreen="true" width="425" height="344"></embed></object>', N'<object width="425" height="344"><param name="movie" value="http://www.youtube.com/watch?v=1CfmOxKjYFA"></param><param name="allowFullScreen" value="true"></param><embed src="http://www.youtube.com/watch?v=1CfmOxKjYFA" type="application/x-shockwave-flash" allowfullscreen="true" width="425" height="344"></embed></object>', N'EA"s dominating racing series takes a left turn with this uniquely action-oriented entry in the franchise, where players use their driving skills honed in previous NFS games to control their vehicle in dangerous, high speeds encounters. The game features international movie star, Maggie Q, as the lead character in the big-budget live-action sequences that propel the story forward as players get behind the wheel. Undercover takes the franchise back to its roots and re-introduces break-neck cop chases, the world"s hottest cars and spectacular highway battles.', N'L"EA"S dominant la série courant prend un tour gauche avec cette entrée de façon unique orientée d"action dans la franchise, où les joueurs utilisent leurs adresses de conduite aiguisées dans les jeux NFS précédents pour contrôler leur véhicule dans dangereux, rencontres de grandes vitesses. Le jeu présente la vedette de cinéma internationale, Maggie Q, comme le premier caractère dans les ordres d"action vivante de grand budget qui propulsent l"histoire en avant comme les joueurs se mettent derrière la roue. Secret reprend la franchise à ses racines et représente le flic à se casser le cou cha', N'Plot - The game"s story mode sets the player in the story as a police officer going undercover into the criminal underground of Tri-City, a fictional city where the game is set. Players take on dangerous jobs and compete in races in order to infiltrate and take down a ruthless international crime smuggling syndicate of street racers and car thieves. The player"s only contacts to the police are federal handler Chase Linh, played by Maggie Q, and later Lt. Jack M. Keller played by Paul Pape.', N'<ul><li><strong>Aperçu</strong> - Le mode d"histoire du jeu met le joueur dans l"histoire comme un agent de police allant secret au métro criminel de Tri-ville, une ville fictive où le jeu est mis. Les joueurs embauchent des emplois dangereux et rivalisent dans les courses pour s"infiltrer et descendre un syndicat de contrebande de crime international sans pitié de racers de la rue et de voleurs automobiles. Les seuls contacts du joueur à la police sont la Chasse de dresseur fédérale Linh, joué par Maggie Q et plus tard Lt. Jack M. Keller joué par Paul Pape.</li></ul>', N'Unknown', NULL, 20, 0)
INSERT [dbo].[Game] ([Guid], [GameFormatCode], [GameCategoryId], [GameSubCategoryId], [EsrbRatingCode], [EnglishName], [FrenchName], [FrenchVersion], [EnglishPlayerCount], [FrenchPlayerCount], [GamePerspectiveCode], [EnglishTrailer], [FrenchTrailer], [EnglishDescription], [FrenchDescription], [EnglishDetail], [FrenchDetail], [UserName], [lastModified], [Price], [Archived]) VALUES (N'f1809696-82db-4103-80e7-74930f8ecb20', N'B', 1, 1, N'E10+ ', N'KUNG FU PANDA', N'KUNG FU PANDA', 0, NULL, NULL, NULL, N'<object width="425" height="344"><param name="movie" value="http://www.youtube.com/watch?v=mkHJzHIbQQg"></param><param name="allowFullScreen" value="true"></param><embed src="http://www.youtube.com/watch?v=mkHJzHIbQQg" type="application/x-shockwave-flash" allowfullscreen="true" width="425" height="344"></embed></object>', N'<object width="425" height="344"><param name="movie" value="http://www.youtube.com/watch?v=1CfmOxKjYFA"></param><param name="allowFullScreen" value="true"></param><embed src="http://www.youtube.com/watch?v=1CfmOxKjYFA" type="application/x-shockwave-flash" allowfullscreen="true" width="425" height="344"></embed></object>', N'EA"s dominating racing series takes a left turn with this uniquely action-oriented entry in the franchise, where players use their driving skills honed in previous NFS games to control their vehicle in dangerous, high speeds encounters. The game features international movie star, Maggie Q, as the lead character in the big-budget live-action sequences that propel the story forward as players get behind the wheel. Undercover takes the franchise back to its roots and re-introduces break-neck cop chases, the world"s hottest cars and spectacular highway battles.', N'L"EA"S dominant la série courant prend un tour gauche avec cette entrée de façon unique orientée d"action dans la franchise, où les joueurs utilisent leurs adresses de conduite aiguisées dans les jeux NFS précédents pour contrôler leur véhicule dans dangereux, rencontres de grandes vitesses. Le jeu présente la vedette de cinéma internationale, Maggie Q, comme le premier caractère dans les ordres d"action vivante de grand budget qui propulsent l"histoire en avant comme les joueurs se mettent derrière la roue. Secret reprend la franchise à ses racines et représente le flic à se casser le cou cha', N'Plot - The game"s story mode sets the player in the story as a police officer going undercover into the criminal underground of Tri-City, a fictional city where the game is set. Players take on dangerous jobs and compete in races in order to infiltrate and take down a ruthless international crime smuggling syndicate of street racers and car thieves. The player"s only contacts to the police are federal handler Chase Linh, played by Maggie Q, and later Lt. Jack M. Keller played by Paul Pape.', N'<ul><li><strong>Aperçu</strong> - Le mode d"histoire du jeu met le joueur dans l"histoire comme un agent de police allant secret au métro criminel de Tri-ville, une ville fictive où le jeu est mis. Les joueurs embauchent des emplois dangereux et rivalisent dans les courses pour s"infiltrer et descendre un syndicat de contrebande de crime international sans pitié de racers de la rue et de voleurs automobiles. Les seuls contacts du joueur à la police sont la Chasse de dresseur fédérale Linh, joué par Maggie Q et plus tard Lt. Jack M. Keller joué par Paul Pape.</li></ul>', N'Unknown', NULL, 20, 0)
INSERT [dbo].[Game] ([Guid], [GameFormatCode], [GameCategoryId], [GameSubCategoryId], [EsrbRatingCode], [EnglishName], [FrenchName], [FrenchVersion], [EnglishPlayerCount], [FrenchPlayerCount], [GamePerspectiveCode], [EnglishTrailer], [FrenchTrailer], [EnglishDescription], [FrenchDescription], [EnglishDetail], [FrenchDetail], [UserName], [lastModified], [Price], [Archived]) VALUES (N'4251526a-0af4-422e-a795-799d2387eecd', N'B', 1, 1, N'AO   ', N'Selenium Editted Test Game', N'', 0, N'1', N'', N'B', NULL, N'', N'Selenium Test Description', N'', N'Selenium Test Detail', N'', N'Unknown', CAST(N'2020-12-08T01:47:55.990' AS DateTime), 15, 1)
INSERT [dbo].[Game] ([Guid], [GameFormatCode], [GameCategoryId], [GameSubCategoryId], [EsrbRatingCode], [EnglishName], [FrenchName], [FrenchVersion], [EnglishPlayerCount], [FrenchPlayerCount], [GamePerspectiveCode], [EnglishTrailer], [FrenchTrailer], [EnglishDescription], [FrenchDescription], [EnglishDetail], [FrenchDetail], [UserName], [lastModified], [Price], [Archived]) VALUES (N'17bddbba-dc6d-4df1-8962-7b8bf9f3f468', N'B', 5, 1, N'T    ', N'FINAL FANTASY III', N'FINAL FANTASY III', 1, N'2', N'2', N'B', N'<object width="425" height="344"><param name="movie" value="http://www.youtube.com/watch?v=mkHJzHIbQQg"></param><param name="allowFullScreen" value="true"></param><embed src="http://www.youtube.com/watch?v=mkHJzHIbQQg" type="application/x-shockwave-flash" allowfullscreen="true" width="425" height="344"></embed></object>', N'<object width="425" height="344"><param name="movie" value="http://www.youtube.com/watch?v=1CfmOxKjYFA"></param><param name="allowFullScreen" value="true"></param><embed src="http://www.youtube.com/watch?v=1CfmOxKjYFA" type="application/x-shockwave-flash" allowfullscreen="true" width="425" height="344"></embed></object>', N'EA"s dominating racing series takes a left turn with this uniquely action-oriented entry in the franchise, where players use their driving skills honed in previous NFS games to control their vehicle in dangerous, high speeds encounters. The game features international movie star, Maggie Q, as the lead character in the big-budget live-action sequences that propel the story forward as players get behind the wheel. Undercover takes the franchise back to its roots and re-introduces break-neck cop chases, the world"s hottest cars and spectacular highway battles.', N'L"EA"S dominant la série courant prend un tour gauche avec cette entrée de façon unique orientée d"action dans la franchise, où les joueurs utilisent leurs adresses de conduite aiguisées dans les jeux NFS précédents pour contrôler leur véhicule dans dangereux, rencontres de grandes vitesses. Le jeu présente la vedette de cinéma internationale, Maggie Q, comme le premier caractère dans les ordres d"action vivante de grand budget qui propulsent l"histoire en avant comme les joueurs se mettent derrière la roue. Secret reprend la franchise à ses racines et représente le flic à se casser le cou cha', N'Plot - The game"s story mode sets the player in the story as a police officer going undercover into the criminal underground of Tri-City, a fictional city where the game is set. Players take on dangerous jobs and compete in races in order to infiltrate and take down a ruthless international crime smuggling syndicate of street racers and car thieves. The player"s only contacts to the police are federal handler Chase Linh, played by Maggie Q, and later Lt. Jack M. Keller played by Paul Pape.', N'<ul><li><strong>Aperçu</strong> - Le mode d"histoire du jeu met le joueur dans l"histoire comme un agent de police allant secret au métro criminel de Tri-ville, une ville fictive où le jeu est mis. Les joueurs embauchent des emplois dangereux et rivalisent dans les courses pour s"infiltrer et descendre un syndicat de contrebande de crime international sans pitié de racers de la rue et de voleurs automobiles. Les seuls contacts du joueur à la police sont la Chasse de dresseur fédérale Linh, joué par Maggie Q et plus tard Lt. Jack M. Keller joué par Paul Pape.</li></ul>', N'Unknown', NULL, 20, 0)
INSERT [dbo].[Game] ([Guid], [GameFormatCode], [GameCategoryId], [GameSubCategoryId], [EsrbRatingCode], [EnglishName], [FrenchName], [FrenchVersion], [EnglishPlayerCount], [FrenchPlayerCount], [GamePerspectiveCode], [EnglishTrailer], [FrenchTrailer], [EnglishDescription], [FrenchDescription], [EnglishDetail], [FrenchDetail], [UserName], [lastModified], [Price], [Archived]) VALUES (N'61295eb3-8615-487d-ba62-7cb3c01c8d02', N'P', 1, 5, N'E10+ ', N'Shin Sangokumusou 5', N'Shin Sangokumusou 5', 1, N'21', N'21', N'F', N'<object width="425" height="344"><param name="movie" value="http://www.youtube.com/watch?v=mkHJzHIbQQg"></param><param name="allowFullScreen" value="true"></param><embed src="http://www.youtube.com/watch?v=mkHJzHIbQQg" type="application/x-shockwave-flash" allowfullscreen="true" width="425" height="344"></embed></object>', N'<object width="425" height="344"><param name="movie" value="http://www.youtube.com/watch?v=1CfmOxKjYFA"></param><param name="allowFullScreen" value="true"></param><embed src="http://www.youtube.com/watch?v=1CfmOxKjYFA" type="application/x-shockwave-flash" allowfullscreen="true" width="425" height="344"></embed></object>', N'EA"s dominating racing series takes a left turn with this uniquely action-oriented entry in the franchise, where players use their driving skills honed in previous NFS games to control their vehicle in dangerous, high speeds encounters. The game features international movie star, Maggie Q, as the lead character in the big-budget live-action sequences that propel the story forward as players get behind the wheel. Undercover takes the franchise back to its roots and re-introduces break-neck cop chases, the world"s hottest cars and spectacular highway battles.', N'L"EA"S dominant la série courant prend un tour gauche avec cette entrée de façon unique orientée d"action dans la franchise, où les joueurs utilisent leurs adresses de conduite aiguisées dans les jeux NFS précédents pour contrôler leur véhicule dans dangereux, rencontres de grandes vitesses. Le jeu présente la vedette de cinéma internationale, Maggie Q, comme le premier caractère dans les ordres d"action vivante de grand budget qui propulsent l"histoire en avant comme les joueurs se mettent derrière la roue. Secret reprend la franchise à ses racines et représente le flic à se casser le cou cha', N'Plot - The game"s story mode sets the player in the story as a police officer going undercover into the criminal underground of Tri-City, a fictional city where the game is set. Players take on dangerous jobs and compete in races in order to infiltrate and take down a ruthless international crime smuggling syndicate of street racers and car thieves. The player"s only contacts to the police are federal handler Chase Linh, played by Maggie Q, and later Lt. Jack M. Keller played by Paul Pape.', N'<ul><li><strong>Aperçu</strong> - Le mode d"histoire du jeu met le joueur dans l"histoire comme un agent de police allant secret au métro criminel de Tri-ville, une ville fictive où le jeu est mis. Les joueurs embauchent des emplois dangereux et rivalisent dans les courses pour s"infiltrer et descendre un syndicat de contrebande de crime international sans pitié de racers de la rue et de voleurs automobiles. Les seuls contacts du joueur à la police sont la Chasse de dresseur fédérale Linh, joué par Maggie Q et plus tard Lt. Jack M. Keller joué par Paul Pape.</li></ul>', N'Unknown', NULL, 20, 0)
INSERT [dbo].[Game] ([Guid], [GameFormatCode], [GameCategoryId], [GameSubCategoryId], [EsrbRatingCode], [EnglishName], [FrenchName], [FrenchVersion], [EnglishPlayerCount], [FrenchPlayerCount], [GamePerspectiveCode], [EnglishTrailer], [FrenchTrailer], [EnglishDescription], [FrenchDescription], [EnglishDetail], [FrenchDetail], [UserName], [lastModified], [Price], [Archived]) VALUES (N'6fc30b05-3193-4c59-89c5-931bd066a208', N'B', 8, 23, N'T    ', N'Need For Speed Undercover', N'Need For Speed Undercover', 1, N'8', N'8', N'F', N'<object width="425" height="344"><param name="movie" value="http://www.youtube.com/watch?v=mkHJzHIbQQg"></param><param name="allowFullScreen" value="true"></param><embed src="http://www.youtube.com/watch?v=mkHJzHIbQQg" type="application/x-shockwave-flash" allowfullscreen="true" width="425" height="344"></embed></object>', N'<object width="425" height="344"><param name="movie" value="http://www.youtube.com/watch?v=1CfmOxKjYFA"></param><param name="allowFullScreen" value="true"></param><embed src="http://www.youtube.com/watch?v=1CfmOxKjYFA" type="application/x-shockwave-flash" allowfullscreen="true" width="425" height="344"></embed></object>', N'EA"s dominating racing series takes a left turn with this uniquely action-oriented entry in the franchise, where players use their driving skills honed in previous NFS games to control their vehicle in dangerous, high speeds encounters. The game features international movie star, Maggie Q, as the lead character in the big-budget live-action sequences that propel the story forward as players get behind the wheel. Undercover takes the franchise back to its roots and re-introduces break-neck cop chases, the world"s hottest cars and spectacular highway battles.', N'L"EA"S dominant la série courant prend un tour gauche avec cette entrée de façon unique orientée d"action dans la franchise, où les joueurs utilisent leurs adresses de conduite aiguisées dans les jeux NFS précédents pour contrôler leur véhicule dans dangereux, rencontres de grandes vitesses. Le jeu présente la vedette de cinéma internationale, Maggie Q, comme le premier caractère dans les ordres d"action vivante de grand budget qui propulsent l"histoire en avant comme les joueurs se mettent derrière la roue. Secret reprend la franchise à ses racines et représente le flic à se casser le cou cha', N'Plot - The game"s story mode sets the player in the story as a police officer going undercover into the criminal underground of Tri-City, a fictional city where the game is set. Players take on dangerous jobs and compete in races in order to infiltrate and take down a ruthless international crime smuggling syndicate of street racers and car thieves. The player"s only contacts to the police are federal handler Chase Linh, played by Maggie Q, and later Lt. Jack M. Keller played by Paul Pape.', N'<ul><li><strong>Aperçu</strong> - Le mode d"histoire du jeu met le joueur dans l"histoire comme un agent de police allant secret au métro criminel de Tri-ville, une ville fictive où le jeu est mis. Les joueurs embauchent des emplois dangereux et rivalisent dans les courses pour s"infiltrer et descendre un syndicat de contrebande de crime international sans pitié de racers de la rue et de voleurs automobiles. Les seuls contacts du joueur à la police sont la Chasse de dresseur fédérale Linh, joué par Maggie Q et plus tard Lt. Jack M. Keller joué par Paul Pape.</li></ul>', N'Unknown', NULL, 20, 0)
INSERT [dbo].[Game] ([Guid], [GameFormatCode], [GameCategoryId], [GameSubCategoryId], [EsrbRatingCode], [EnglishName], [FrenchName], [FrenchVersion], [EnglishPlayerCount], [FrenchPlayerCount], [GamePerspectiveCode], [EnglishTrailer], [FrenchTrailer], [EnglishDescription], [FrenchDescription], [EnglishDetail], [FrenchDetail], [UserName], [lastModified], [Price], [Archived]) VALUES (N'38bcad53-f09a-48f8-9590-96677d009021', N'B', 8, 25, N'E    ', N'PRO EVOLUTION SOCCER 2009', N'', 0, N'7', N'', N'T', N'<object width="425" height="344"><param name="movie" value="http://www.youtube.com/watch?v=mkHJzHIbQQg"></param><param name="allowFullScreen" value="true"></param><embed src="http://www.youtube.com/watch?v=mkHJzHIbQQg" type="application/x-shockwave-flash" allowfullscreen="true" width="425" height="344"></embed></object>', N'<object width="425" height="344"><param name="movie" value="http://www.youtube.com/watch?v=1CfmOxKjYFA"></param><param name="allowFullScreen" value="true"></param><embed src="http://www.youtube.com/watch?v=1CfmOxKjYFA" type="application/x-shockwave-flash" allowfullscreen="true" width="425" height="344"></embed></object>', N'EA"s dominating racing series takes a left turn with this uniquely action-oriented entry in the franchise, where players use their driving skills honed in previous NFS games to control their vehicle in dangerous, high speeds encounters. The game features international movie star, Maggie Q, as the lead character in the big-budget live-action sequences that propel the story forward as players get behind the wheel. Undercover takes the franchise back to its roots and re-introduces break-neck cop chases, the world"s hottest cars and spectacular highway battles.', N'L"EA"S dominant la série courant prend un tour gauche avec cette entrée de façon unique orientée d"action dans la franchise, où les joueurs utilisent leurs adresses de conduite aiguisées dans les jeux NFS précédents pour contrôler leur véhicule dans dangereux, rencontres de grandes vitesses. Le jeu présente la vedette de cinéma internationale, Maggie Q, comme le premier caractère dans les ordres d"action vivante de grand budget qui propulsent l"histoire en avant comme les joueurs se mettent derrière la roue. Secret reprend la franchise à ses racines et représente le flic à se casser le cou cha', N'Plot - The game"s story mode sets the player in the story as a police officer going undercover into the criminal underground of Tri-City, a fictional city where the game is set. Players take on dangerous jobs and compete in races in order to infiltrate and take down a ruthless international crime smuggling syndicate of street racers and car thieves. The player"s only contacts to the police are federal handler Chase Linh, played by Maggie Q, and later Lt. Jack M. Keller played by Paul Pape.', N'<ul><li><strong>Aperçu</strong> - Le mode d"histoire du jeu met le joueur dans l"histoire comme un agent de police allant secret au métro criminel de Tri-ville, une ville fictive où le jeu est mis. Les joueurs embauchent des emplois dangereux et rivalisent dans les courses pour s"infiltrer et descendre un syndicat de contrebande de crime international sans pitié de racers de la rue et de voleurs automobiles. Les seuls contacts du joueur à la police sont la Chasse de dresseur fédérale Linh, joué par Maggie Q et plus tard Lt. Jack M. Keller joué par Paul Pape.</li></ul>', N'Unknown', NULL, 20, 0)
INSERT [dbo].[Game] ([Guid], [GameFormatCode], [GameCategoryId], [GameSubCategoryId], [EsrbRatingCode], [EnglishName], [FrenchName], [FrenchVersion], [EnglishPlayerCount], [FrenchPlayerCount], [GamePerspectiveCode], [EnglishTrailer], [FrenchTrailer], [EnglishDescription], [FrenchDescription], [EnglishDetail], [FrenchDetail], [UserName], [lastModified], [Price], [Archived]) VALUES (N'8bcccc74-4182-4ad8-ae1c-9a82c57c3c27', N'B', 6, 21, N'M    ', N'DOOM 2', N'DOOM 2', 1, N'4', N'4', N'F', N'<object width="425" height="344"><param name="movie" value="http://www.youtube.com/watch?v=mkHJzHIbQQg"></param><param name="allowFullScreen" value="true"></param><embed src="http://www.youtube.com/watch?v=mkHJzHIbQQg" type="application/x-shockwave-flash" allowfullscreen="true" width="425" height="344"></embed></object>', N'<object width="425" height="344"><param name="movie" value="http://www.youtube.com/watch?v=1CfmOxKjYFA"></param><param name="allowFullScreen" value="true"></param><embed src="http://www.youtube.com/watch?v=1CfmOxKjYFA" type="application/x-shockwave-flash" allowfullscreen="true" width="425" height="344"></embed></object>', N'EA"s dominating racing series takes a left turn with this uniquely action-oriented entry in the franchise, where players use their driving skills honed in previous NFS games to control their vehicle in dangerous, high speeds encounters. The game features international movie star, Maggie Q, as the lead character in the big-budget live-action sequences that propel the story forward as players get behind the wheel. Undercover takes the franchise back to its roots and re-introduces break-neck cop chases, the world"s hottest cars and spectacular highway battles.', N'L"EA"S dominant la série courant prend un tour gauche avec cette entrée de façon unique orientée d"action dans la franchise, où les joueurs utilisent leurs adresses de conduite aiguisées dans les jeux NFS précédents pour contrôler leur véhicule dans dangereux, rencontres de grandes vitesses. Le jeu présente la vedette de cinéma internationale, Maggie Q, comme le premier caractère dans les ordres d"action vivante de grand budget qui propulsent l"histoire en avant comme les joueurs se mettent derrière la roue. Secret reprend la franchise à ses racines et représente le flic à se casser le cou cha', N'Plot - The game"s story mode sets the player in the story as a police officer going undercover into the criminal underground of Tri-City, a fictional city where the game is set. Players take on dangerous jobs and compete in races in order to infiltrate and take down a ruthless international crime smuggling syndicate of street racers and car thieves. The player"s only contacts to the police are federal handler Chase Linh, played by Maggie Q, and later Lt. Jack M. Keller played by Paul Pape.', N'<ul><li><strong>Aperçu</strong> - Le mode d"histoire du jeu met le joueur dans l"histoire comme un agent de police allant secret au métro criminel de Tri-ville, une ville fictive où le jeu est mis. Les joueurs embauchent des emplois dangereux et rivalisent dans les courses pour s"infiltrer et descendre un syndicat de contrebande de crime international sans pitié de racers de la rue et de voleurs automobiles. Les seuls contacts du joueur à la police sont la Chasse de dresseur fédérale Linh, joué par Maggie Q et plus tard Lt. Jack M. Keller joué par Paul Pape.</li></ul>', N'Unknown', NULL, 20, 0)
INSERT [dbo].[Game] ([Guid], [GameFormatCode], [GameCategoryId], [GameSubCategoryId], [EsrbRatingCode], [EnglishName], [FrenchName], [FrenchVersion], [EnglishPlayerCount], [FrenchPlayerCount], [GamePerspectiveCode], [EnglishTrailer], [FrenchTrailer], [EnglishDescription], [FrenchDescription], [EnglishDetail], [FrenchDetail], [UserName], [lastModified], [Price], [Archived]) VALUES (N'8d9beb07-887e-4f51-83e1-9f98f6d12bb3', N'B', 5, 1, N'T    ', N'CHRONO TRIGGER', N'CHRONO TRIGGER', 1, N'1', N'1', N'B', N'<object width="425" height="344"><param name="movie" value="http://www.youtube.com/watch?v=mkHJzHIbQQg"></param><param name="allowFullScreen" value="true"></param><embed src="http://www.youtube.com/watch?v=mkHJzHIbQQg" type="application/x-shockwave-flash" allowfullscreen="true" width="425" height="344"></embed></object>', N'<object width="425" height="344"><param name="movie" value="http://www.youtube.com/watch?v=1CfmOxKjYFA"></param><param name="allowFullScreen" value="true"></param><embed src="http://www.youtube.com/watch?v=1CfmOxKjYFA" type="application/x-shockwave-flash" allowfullscreen="true" width="425" height="344"></embed></object>', N'EA"s dominating racing series takes a left turn with this uniquely action-oriented entry in the franchise, where players use their driving skills honed in previous NFS games to control their vehicle in dangerous, high speeds encounters. The game features international movie star, Maggie Q, as the lead character in the big-budget live-action sequences that propel the story forward as players get behind the wheel. Undercover takes the franchise back to its roots and re-introduces break-neck cop chases, the world"s hottest cars and spectacular highway battles.', N'L"EA"S dominant la série courant prend un tour gauche avec cette entrée de façon unique orientée d"action dans la franchise, où les joueurs utilisent leurs adresses de conduite aiguisées dans les jeux NFS précédents pour contrôler leur véhicule dans dangereux, rencontres de grandes vitesses. Le jeu présente la vedette de cinéma internationale, Maggie Q, comme le premier caractère dans les ordres d"action vivante de grand budget qui propulsent l"histoire en avant comme les joueurs se mettent derrière la roue. Secret reprend la franchise à ses racines et représente le flic à se casser le cou cha', N'Plot - The game"s story mode sets the player in the story as a police officer going undercover into the criminal underground of Tri-City, a fictional city where the game is set. Players take on dangerous jobs and compete in races in order to infiltrate and take down a ruthless international crime smuggling syndicate of street racers and car thieves. The player"s only contacts to the police are federal handler Chase Linh, played by Maggie Q, and later Lt. Jack M. Keller played by Paul Pape.', N'<ul><li><strong>Aperçu</strong> - Le mode d"histoire du jeu met le joueur dans l"histoire comme un agent de police allant secret au métro criminel de Tri-ville, une ville fictive où le jeu est mis. Les joueurs embauchent des emplois dangereux et rivalisent dans les courses pour s"infiltrer et descendre un syndicat de contrebande de crime international sans pitié de racers de la rue et de voleurs automobiles. Les seuls contacts du joueur à la police sont la Chasse de dresseur fédérale Linh, joué par Maggie Q et plus tard Lt. Jack M. Keller joué par Paul Pape.</li></ul>', N'Unknown', NULL, 20, 0)
INSERT [dbo].[Game] ([Guid], [GameFormatCode], [GameCategoryId], [GameSubCategoryId], [EsrbRatingCode], [EnglishName], [FrenchName], [FrenchVersion], [EnglishPlayerCount], [FrenchPlayerCount], [GamePerspectiveCode], [EnglishTrailer], [FrenchTrailer], [EnglishDescription], [FrenchDescription], [EnglishDetail], [FrenchDetail], [UserName], [lastModified], [Price], [Archived]) VALUES (N'b4162ae7-8f83-45f2-a1ec-c94563211dad', N'B', 1, 25, N'AO   ', N'Fifa 2020', N'', 0, N'2', N'', N'B', NULL, N'', N'A Soccer Game', N'', N'For all ages', N'', N'Unknown', NULL, 20, 0)
INSERT [dbo].[Game] ([Guid], [GameFormatCode], [GameCategoryId], [GameSubCategoryId], [EsrbRatingCode], [EnglishName], [FrenchName], [FrenchVersion], [EnglishPlayerCount], [FrenchPlayerCount], [GamePerspectiveCode], [EnglishTrailer], [FrenchTrailer], [EnglishDescription], [FrenchDescription], [EnglishDetail], [FrenchDetail], [UserName], [lastModified], [Price], [Archived]) VALUES (N'ead78ac6-fb49-4404-97b6-d1846850019c', N'B', 1, 1, N'AO   ', N'free', N'', 0, N'1', N'', N'B', NULL, N'', N'wae', N'', N'awrg', N'', N'Unknown', CAST(N'2020-12-06T17:54:18.560' AS DateTime), 0, 1)
INSERT [dbo].[Game] ([Guid], [GameFormatCode], [GameCategoryId], [GameSubCategoryId], [EsrbRatingCode], [EnglishName], [FrenchName], [FrenchVersion], [EnglishPlayerCount], [FrenchPlayerCount], [GamePerspectiveCode], [EnglishTrailer], [FrenchTrailer], [EnglishDescription], [FrenchDescription], [EnglishDetail], [FrenchDetail], [UserName], [lastModified], [Price], [Archived]) VALUES (N'0a31432b-1eae-48e4-92df-d61f889c59e0', N'B', 6, 21, N'M    ', N'Halo', N'Halo', 1, N'16', N'16', N'F', N'<object width="425" height="344"><param name="movie" value="http://www.youtube.com/watch?v=mkHJzHIbQQg"></param><param name="allowFullScreen" value="true"></param><embed src="http://www.youtube.com/watch?v=mkHJzHIbQQg" type="application/x-shockwave-flash" allowfullscreen="true" width="425" height="344"></embed></object>', N'<object width="425" height="344"><param name="movie" value="http://www.youtube.com/watch?v=1CfmOxKjYFA"></param><param name="allowFullScreen" value="true"></param><embed src="http://www.youtube.com/watch?v=1CfmOxKjYFA" type="application/x-shockwave-flash" allowfullscreen="true" width="425" height="344"></embed></object>', N'EA"s dominating racing series takes a left turn with this uniquely action-oriented entry in the franchise, where players use their driving skills honed in previous NFS games to control their vehicle in dangerous, high speeds encounters. The game features international movie star, Maggie Q, as the lead character in the big-budget live-action sequences that propel the story forward as players get behind the wheel. Undercover takes the franchise back to its roots and re-introduces break-neck cop chases, the world"s hottest cars and spectacular highway battles.', N'L"EA"S dominant la série courant prend un tour gauche avec cette entrée de façon unique orientée d"action dans la franchise, où les joueurs utilisent leurs adresses de conduite aiguisées dans les jeux NFS précédents pour contrôler leur véhicule dans dangereux, rencontres de grandes vitesses. Le jeu présente la vedette de cinéma internationale, Maggie Q, comme le premier caractère dans les ordres d"action vivante de grand budget qui propulsent l"histoire en avant comme les joueurs se mettent derrière la roue. Secret reprend la franchise à ses racines et représente le flic à se casser le cou cha', N'Plot - The game"s story mode sets the player in the story as a police officer going undercover into the criminal underground of Tri-City, a fictional city where the game is set. Players take on dangerous jobs and compete in races in order to infiltrate and take down a ruthless international crime smuggling syndicate of street racers and car thieves. The player"s only contacts to the police are federal handler Chase Linh, played by Maggie Q, and later Lt. Jack M. Keller played by Paul Pape.', N'<ul><li><strong>Aperçu</strong> - Le mode d"histoire du jeu met le joueur dans l"histoire comme un agent de police allant secret au métro criminel de Tri-ville, une ville fictive où le jeu est mis. Les joueurs embauchent des emplois dangereux et rivalisent dans les courses pour s"infiltrer et descendre un syndicat de contrebande de crime international sans pitié de racers de la rue et de voleurs automobiles. Les seuls contacts du joueur à la police sont la Chasse de dresseur fédérale Linh, joué par Maggie Q et plus tard Lt. Jack M. Keller joué par Paul Pape.</li></ul>', N'Unknown', NULL, 20, 0)
INSERT [dbo].[Game] ([Guid], [GameFormatCode], [GameCategoryId], [GameSubCategoryId], [EsrbRatingCode], [EnglishName], [FrenchName], [FrenchVersion], [EnglishPlayerCount], [FrenchPlayerCount], [GamePerspectiveCode], [EnglishTrailer], [FrenchTrailer], [EnglishDescription], [FrenchDescription], [EnglishDetail], [FrenchDetail], [UserName], [lastModified], [Price], [Archived]) VALUES (N'43dc9969-93c2-4cdd-82c0-d75c20b9ece0', N'B', 1, 2, N'M    ', N'GRAND THEFT AUTO IV', N'GRAND THEFT AUTO IV', 1, N'16', N'16', N'T', N'<object width="425" height="344"><param name="movie" value="http://www.youtube.com/watch?v=mkHJzHIbQQg"></param><param name="allowFullScreen" value="true"></param><embed src="http://www.youtube.com/watch?v=mkHJzHIbQQg" type="application/x-shockwave-flash" allowfullscreen="true" width="425" height="344"></embed></object>', N'<object width="425" height="344"><param name="movie" value="http://www.youtube.com/watch?v=1CfmOxKjYFA"></param><param name="allowFullScreen" value="true"></param><embed src="http://www.youtube.com/watch?v=1CfmOxKjYFA" type="application/x-shockwave-flash" allowfullscreen="true" width="425" height="344"></embed></object>', N'EA"s dominating racing series takes a left turn with this uniquely action-oriented entry in the franchise, where players use their driving skills honed in previous NFS games to control their vehicle in dangerous, high speeds encounters. The game features international movie star, Maggie Q, as the lead character in the big-budget live-action sequences that propel the story forward as players get behind the wheel. Undercover takes the franchise back to its roots and re-introduces break-neck cop chases, the world"s hottest cars and spectacular highway battles.', N'L"EA"S dominant la série courant prend un tour gauche avec cette entrée de façon unique orientée d"action dans la franchise, où les joueurs utilisent leurs adresses de conduite aiguisées dans les jeux NFS précédents pour contrôler leur véhicule dans dangereux, rencontres de grandes vitesses. Le jeu présente la vedette de cinéma internationale, Maggie Q, comme le premier caractère dans les ordres d"action vivante de grand budget qui propulsent l"histoire en avant comme les joueurs se mettent derrière la roue. Secret reprend la franchise à ses racines et représente le flic à se casser le cou cha', N'Plot - The game"s story mode sets the player in the story as a police officer going undercover into the criminal underground of Tri-City, a fictional city where the game is set. Players take on dangerous jobs and compete in races in order to infiltrate and take down a ruthless international crime smuggling syndicate of street racers and car thieves. The player"s only contacts to the police are federal handler Chase Linh, played by Maggie Q, and later Lt. Jack M. Keller played by Paul Pape.', N'<ul><li><strong>Aperçu</strong> - Le mode d"histoire du jeu met le joueur dans l"histoire comme un agent de police allant secret au métro criminel de Tri-ville, une ville fictive où le jeu est mis. Les joueurs embauchent des emplois dangereux et rivalisent dans les courses pour s"infiltrer et descendre un syndicat de contrebande de crime international sans pitié de racers de la rue et de voleurs automobiles. Les seuls contacts du joueur à la police sont la Chasse de dresseur fédérale Linh, joué par Maggie Q et plus tard Lt. Jack M. Keller joué par Paul Pape.</li></ul>', N'Unknown', NULL, 20, 0)
INSERT [dbo].[Game] ([Guid], [GameFormatCode], [GameCategoryId], [GameSubCategoryId], [EsrbRatingCode], [EnglishName], [FrenchName], [FrenchVersion], [EnglishPlayerCount], [FrenchPlayerCount], [GamePerspectiveCode], [EnglishTrailer], [FrenchTrailer], [EnglishDescription], [FrenchDescription], [EnglishDetail], [FrenchDetail], [UserName], [lastModified], [Price], [Archived]) VALUES (N'008b1165-d771-471a-9842-d9a9f1e38cf6', N'B', 8, 25, N'E    ', N'FIFA 09', N'FIFA 09', 1, N'4', N'4', N'B', N'<object width="425" height="344"><param name="movie" value="http://www.youtube.com/watch?v=mkHJzHIbQQg"></param><param name="allowFullScreen" value="true"></param><embed src="http://www.youtube.com/watch?v=mkHJzHIbQQg" type="application/x-shockwave-flash" allowfullscreen="true" width="425" height="344"></embed></object>', N'<object width="425" height="344"><param name="movie" value="http://www.youtube.com/watch?v=1CfmOxKjYFA"></param><param name="allowFullScreen" value="true"></param><embed src="http://www.youtube.com/watch?v=1CfmOxKjYFA" type="application/x-shockwave-flash" allowfullscreen="true" width="425" height="344"></embed></object>', N'EA"s dominating racing series takes a left turn with this uniquely action-oriented entry in the franchise, where players use their driving skills honed in previous NFS games to control their vehicle in dangerous, high speeds encounters. The game features international movie star, Maggie Q, as the lead character in the big-budget live-action sequences that propel the story forward as players get behind the wheel. Undercover takes the franchise back to its roots and re-introduces break-neck cop chases, the world"s hottest cars and spectacular highway battles.', N'L"EA"S dominant la série courant prend un tour gauche avec cette entrée de façon unique orientée d"action dans la franchise, où les joueurs utilisent leurs adresses de conduite aiguisées dans les jeux NFS précédents pour contrôler leur véhicule dans dangereux, rencontres de grandes vitesses. Le jeu présente la vedette de cinéma internationale, Maggie Q, comme le premier caractère dans les ordres d"action vivante de grand budget qui propulsent l"histoire en avant comme les joueurs se mettent derrière la roue. Secret reprend la franchise à ses racines et représente le flic à se casser le cou cha', N'Plot - The game"s story mode sets the player in the story as a police officer going undercover into the criminal underground of Tri-City, a fictional city where the game is set. Players take on dangerous jobs and compete in races in order to infiltrate and take down a ruthless international crime smuggling syndicate of street racers and car thieves. The player"s only contacts to the police are federal handler Chase Linh, played by Maggie Q, and later Lt. Jack M. Keller played by Paul Pape.', N'<ul><li><strong>Aperçu</strong> - Le mode d"histoire du jeu met le joueur dans l"histoire comme un agent de police allant secret au métro criminel de Tri-ville, une ville fictive où le jeu est mis. Les joueurs embauchent des emplois dangereux et rivalisent dans les courses pour s"infiltrer et descendre un syndicat de contrebande de crime international sans pitié de racers de la rue et de voleurs automobiles. Les seuls contacts du joueur à la police sont la Chasse de dresseur fédérale Linh, joué par Maggie Q et plus tard Lt. Jack M. Keller joué par Paul Pape.</li></ul>', N'Unknown', NULL, 20, 0)
INSERT [dbo].[Game] ([Guid], [GameFormatCode], [GameCategoryId], [GameSubCategoryId], [EsrbRatingCode], [EnglishName], [FrenchName], [FrenchVersion], [EnglishPlayerCount], [FrenchPlayerCount], [GamePerspectiveCode], [EnglishTrailer], [FrenchTrailer], [EnglishDescription], [FrenchDescription], [EnglishDetail], [FrenchDetail], [UserName], [lastModified], [Price], [Archived]) VALUES (N'71f62f6e-bee5-4ba1-a7a1-df86082880f3', N'B', 6, 4, N'M    ', N'DOOM 3', N'DOOM 3', 1, N'16', N'16', N'F', N'<object width="425" height="344"><param name="movie" value="http://www.youtube.com/watch?v=mkHJzHIbQQg"></param><param name="allowFullScreen" value="true"></param><embed src="http://www.youtube.com/watch?v=mkHJzHIbQQg" type="application/x-shockwave-flash" allowfullscreen="true" width="425" height="344"></embed></object>', N'<object width="425" height="344"><param name="movie" value="http://www.youtube.com/watch?v=1CfmOxKjYFA"></param><param name="allowFullScreen" value="true"></param><embed src="http://www.youtube.com/watch?v=1CfmOxKjYFA" type="application/x-shockwave-flash" allowfullscreen="true" width="425" height="344"></embed></object>', N'EA"s dominating racing series takes a left turn with this uniquely action-oriented entry in the franchise, where players use their driving skills honed in previous NFS games to control their vehicle in dangerous, high speeds encounters. The game features international movie star, Maggie Q, as the lead character in the big-budget live-action sequences that propel the story forward as players get behind the wheel. Undercover takes the franchise back to its roots and re-introduces break-neck cop chases, the world"s hottest cars and spectacular highway battles.', N'L"EA"S dominant la série courant prend un tour gauche avec cette entrée de façon unique orientée d"action dans la franchise, où les joueurs utilisent leurs adresses de conduite aiguisées dans les jeux NFS précédents pour contrôler leur véhicule dans dangereux, rencontres de grandes vitesses. Le jeu présente la vedette de cinéma internationale, Maggie Q, comme le premier caractère dans les ordres d"action vivante de grand budget qui propulsent l"histoire en avant comme les joueurs se mettent derrière la roue. Secret reprend la franchise à ses racines et représente le flic à se casser le cou cha', N'Plot - The game"s story mode sets the player in the story as a police officer going undercover into the criminal underground of Tri-City, a fictional city where the game is set. Players take on dangerous jobs and compete in races in order to infiltrate and take down a ruthless international crime smuggling syndicate of street racers and car thieves. The player"s only contacts to the police are federal handler Chase Linh, played by Maggie Q, and later Lt. Jack M. Keller played by Paul Pape.', N'<ul><li><strong>Aperçu</strong> - Le mode d"histoire du jeu met le joueur dans l"histoire comme un agent de police allant secret au métro criminel de Tri-ville, une ville fictive où le jeu est mis. Les joueurs embauchent des emplois dangereux et rivalisent dans les courses pour s"infiltrer et descendre un syndicat de contrebande de crime international sans pitié de racers de la rue et de voleurs automobiles. Les seuls contacts du joueur à la police sont la Chasse de dresseur fédérale Linh, joué par Maggie Q et plus tard Lt. Jack M. Keller joué par Paul Pape.</li></ul>', N'Unknown', NULL, 20, 0)
INSERT [dbo].[Game] ([Guid], [GameFormatCode], [GameCategoryId], [GameSubCategoryId], [EsrbRatingCode], [EnglishName], [FrenchName], [FrenchVersion], [EnglishPlayerCount], [FrenchPlayerCount], [GamePerspectiveCode], [EnglishTrailer], [FrenchTrailer], [EnglishDescription], [FrenchDescription], [EnglishDetail], [FrenchDetail], [UserName], [lastModified], [Price], [Archived]) VALUES (N'fb765556-b59b-43da-8eac-ee7fcfd2af5e', N'P', 9, 5, N'T    ', N'Command And Conquer Red Alert 3', N'Command And Conquer Red Alert 3', 1, N'4', N'4', N'B', N'<object width="425" height="344"><param name="movie" value="http://www.youtube.com/watch?v=mkHJzHIbQQg"></param><param name="allowFullScreen" value="true"></param><embed src="http://www.youtube.com/watch?v=mkHJzHIbQQg" type="application/x-shockwave-flash" allowfullscreen="true" width="425" height="344"></embed></object>', N'<object width="425" height="344"><param name="movie" value="http://www.youtube.com/watch?v=1CfmOxKjYFA"></param><param name="allowFullScreen" value="true"></param><embed src="http://www.youtube.com/watch?v=1CfmOxKjYFA" type="application/x-shockwave-flash" allowfullscreen="true" width="425" height="344"></embed></object>', N'EA"s dominating racing series takes a left turn with this uniquely action-oriented entry in the franchise, where players use their driving skills honed in previous NFS games to control their vehicle in dangerous, high speeds encounters. The game features international movie star, Maggie Q, as the lead character in the big-budget live-action sequences that propel the story forward as players get behind the wheel. Undercover takes the franchise back to its roots and re-introduces break-neck cop chases, the world"s hottest cars and spectacular highway battles.', N'L"EA"S dominant la série courant prend un tour gauche avec cette entrée de façon unique orientée d"action dans la franchise, où les joueurs utilisent leurs adresses de conduite aiguisées dans les jeux NFS précédents pour contrôler leur véhicule dans dangereux, rencontres de grandes vitesses. Le jeu présente la vedette de cinéma internationale, Maggie Q, comme le premier caractère dans les ordres d"action vivante de grand budget qui propulsent l"histoire en avant comme les joueurs se mettent derrière la roue. Secret reprend la franchise à ses racines et représente le flic à se casser le cou cha', N'Plot - The game"s story mode sets the player in the story as a police officer going undercover into the criminal underground of Tri-City, a fictional city where the game is set. Players take on dangerous jobs and compete in races in order to infiltrate and take down a ruthless international crime smuggling syndicate of street racers and car thieves. The player"s only contacts to the police are federal handler Chase Linh, played by Maggie Q, and later Lt. Jack M. Keller played by Paul Pape.', N'<ul><li><strong>Aperçu</strong> - Le mode d"histoire du jeu met le joueur dans l"histoire comme un agent de police allant secret au métro criminel de Tri-ville, une ville fictive où le jeu est mis. Les joueurs embauchent des emplois dangereux et rivalisent dans les courses pour s"infiltrer et descendre un syndicat de contrebande de crime international sans pitié de racers de la rue et de voleurs automobiles. Les seuls contacts du joueur à la police sont la Chasse de dresseur fédérale Linh, joué par Maggie Q et plus tard Lt. Jack M. Keller joué par Paul Pape.</li></ul>', N'Unknown', NULL, 20, 0)
INSERT [dbo].[Game] ([Guid], [GameFormatCode], [GameCategoryId], [GameSubCategoryId], [EsrbRatingCode], [EnglishName], [FrenchName], [FrenchVersion], [EnglishPlayerCount], [FrenchPlayerCount], [GamePerspectiveCode], [EnglishTrailer], [FrenchTrailer], [EnglishDescription], [FrenchDescription], [EnglishDetail], [FrenchDetail], [UserName], [lastModified], [Price], [Archived]) VALUES (N'18846826-8c5f-4337-9414-f4fb7088ad94', N'B', 1, 1, N'AO   ', N'FREE GAME TITLE HERE', N'', 0, N'1', N'', N'B', NULL, N'', N'ITS FREE', N'', N'FREEEEE', N'', N'Unknown', CAST(N'2020-12-06T17:29:44.630' AS DateTime), 0, 0)
INSERT [dbo].[Game] ([Guid], [GameFormatCode], [GameCategoryId], [GameSubCategoryId], [EsrbRatingCode], [EnglishName], [FrenchName], [FrenchVersion], [EnglishPlayerCount], [FrenchPlayerCount], [GamePerspectiveCode], [EnglishTrailer], [FrenchTrailer], [EnglishDescription], [FrenchDescription], [EnglishDetail], [FrenchDetail], [UserName], [lastModified], [Price], [Archived]) VALUES (N'd5e1ab1c-f83e-4572-b02d-f786ba2cced1', N'B', 8, 13, N'E    ', N'NBA Live 09', N'NBA Live 09', 1, N'2', N'2', N'T', N'<object width="425" height="344"><param name="movie" value="http://www.youtube.com/watch?v=mkHJzHIbQQg"></param><param name="allowFullScreen" value="true"></param><embed src="http://www.youtube.com/watch?v=mkHJzHIbQQg" type="application/x-shockwave-flash" allowfullscreen="true" width="425" height="344"></embed></object>', N'<object width="425" height="344"><param name="movie" value="http://www.youtube.com/watch?v=1CfmOxKjYFA"></param><param name="allowFullScreen" value="true"></param><embed src="http://www.youtube.com/watch?v=1CfmOxKjYFA" type="application/x-shockwave-flash" allowfullscreen="true" width="425" height="344"></embed></object>', N'EA"s dominating racing series takes a left turn with this uniquely action-oriented entry in the franchise, where players use their driving skills honed in previous NFS games to control their vehicle in dangerous, high speeds encounters. The game features international movie star, Maggie Q, as the lead character in the big-budget live-action sequences that propel the story forward as players get behind the wheel. Undercover takes the franchise back to its roots and re-introduces break-neck cop chases, the world"s hottest cars and spectacular highway battles.', N'L"EA"S dominant la série courant prend un tour gauche avec cette entrée de façon unique orientée d"action dans la franchise, où les joueurs utilisent leurs adresses de conduite aiguisées dans les jeux NFS précédents pour contrôler leur véhicule dans dangereux, rencontres de grandes vitesses. Le jeu présente la vedette de cinéma internationale, Maggie Q, comme le premier caractère dans les ordres d"action vivante de grand budget qui propulsent l"histoire en avant comme les joueurs se mettent derrière la roue. Secret reprend la franchise à ses racines et représente le flic à se casser le cou cha', N'Plot - The game"s story mode sets the player in the story as a police officer going undercover into the criminal underground of Tri-City, a fictional city where the game is set. Players take on dangerous jobs and compete in races in order to infiltrate and take down a ruthless international crime smuggling syndicate of street racers and car thieves. The player"s only contacts to the police are federal handler Chase Linh, played by Maggie Q, and later Lt. Jack M. Keller played by Paul Pape.', N'<ul><li><strong>Aperçu</strong> - Le mode d"histoire du jeu met le joueur dans l"histoire comme un agent de police allant secret au métro criminel de Tri-ville, une ville fictive où le jeu est mis. Les joueurs embauchent des emplois dangereux et rivalisent dans les courses pour s"infiltrer et descendre un syndicat de contrebande de crime international sans pitié de racers de la rue et de voleurs automobiles. Les seuls contacts du joueur à la police sont la Chasse de dresseur fédérale Linh, joué par Maggie Q et plus tard Lt. Jack M. Keller joué par Paul Pape.</li></ul>', N'Unknown', NULL, 20, 0)
INSERT [dbo].[Game] ([Guid], [GameFormatCode], [GameCategoryId], [GameSubCategoryId], [EsrbRatingCode], [EnglishName], [FrenchName], [FrenchVersion], [EnglishPlayerCount], [FrenchPlayerCount], [GamePerspectiveCode], [EnglishTrailer], [FrenchTrailer], [EnglishDescription], [FrenchDescription], [EnglishDetail], [FrenchDetail], [UserName], [lastModified], [Price], [Archived]) VALUES (N'f4a73962-ee6e-4120-aa1d-f7917e06ea28', N'B', 8, 22, N'E    ', N'AMPED 2', N'AMPED 2', 1, N'2', N'2', N'B', N'<object width="425" height="344"><param name="movie" value="http://www.youtube.com/watch?v=mkHJzHIbQQg"></param><param name="allowFullScreen" value="true"></param><embed src="http://www.youtube.com/watch?v=mkHJzHIbQQg" type="application/x-shockwave-flash" allowfullscreen="true" width="425" height="344"></embed></object>', N'<object width="425" height="344"><param name="movie" value="http://www.youtube.com/watch?v=1CfmOxKjYFA"></param><param name="allowFullScreen" value="true"></param><embed src="http://www.youtube.com/watch?v=1CfmOxKjYFA" type="application/x-shockwave-flash" allowfullscreen="true" width="425" height="344"></embed></object>', N'EA"s dominating racing series takes a left turn with this uniquely action-oriented entry in the franchise, where players use their driving skills honed in previous NFS games to control their vehicle in dangerous, high speeds encounters. The game features international movie star, Maggie Q, as the lead character in the big-budget live-action sequences that propel the story forward as players get behind the wheel. Undercover takes the franchise back to its roots and re-introduces break-neck cop chases, the world"s hottest cars and spectacular highway battles.', N'L"EA"S dominant la série courant prend un tour gauche avec cette entrée de façon unique orientée d"action dans la franchise, où les joueurs utilisent leurs adresses de conduite aiguisées dans les jeux NFS précédents pour contrôler leur véhicule dans dangereux, rencontres de grandes vitesses. Le jeu présente la vedette de cinéma internationale, Maggie Q, comme le premier caractère dans les ordres d"action vivante de grand budget qui propulsent l"histoire en avant comme les joueurs se mettent derrière la roue. Secret reprend la franchise à ses racines et représente le flic à se casser le cou cha', N'Plot - The game"s story mode sets the player in the story as a police officer going undercover into the criminal underground of Tri-City, a fictional city where the game is set. Players take on dangerous jobs and compete in races in order to infiltrate and take down a ruthless international crime smuggling syndicate of street racers and car thieves. The player"s only contacts to the police are federal handler Chase Linh, played by Maggie Q, and later Lt. Jack M. Keller played by Paul Pape.', N'<ul><li><strong>Aperçu</strong> - Le mode d"histoire du jeu met le joueur dans l"histoire comme un agent de police allant secret au métro criminel de Tri-ville, une ville fictive où le jeu est mis. Les joueurs embauchent des emplois dangereux et rivalisent dans les courses pour s"infiltrer et descendre un syndicat de contrebande de crime international sans pitié de racers de la rue et de voleurs automobiles. Les seuls contacts du joueur à la police sont la Chasse de dresseur fédérale Linh, joué par Maggie Q et plus tard Lt. Jack M. Keller joué par Paul Pape.</li></ul>', N'Unknown', NULL, 20, 0)
INSERT [dbo].[CartItem] ([userId], [gameId], [GameFormatCode], [quantity], [lastModified]) VALUES (N'aacffaee-6a26-440d-b8ae-ea7981b48e7c', N'ead78ac6-fb49-4404-97b6-d1846850019c', N'B', 1, CAST(N'2020-12-08T02:28:39.123' AS DateTime))
INSERT [dbo].[CartItem] ([userId], [gameId], [GameFormatCode], [quantity], [lastModified]) VALUES (N'bee8db63-6992-4da8-9153-5b94c84b5336', N'd4bf60e0-e178-11dd-ad8b-0800200c9a66', N'D', 1, CAST(N'2020-12-05T19:51:12.073' AS DateTime))
INSERT [dbo].[CartItem] ([userId], [gameId], [GameFormatCode], [quantity], [lastModified]) VALUES (N'bee8db63-6992-4da8-9153-5b94c84b5336', N'5045d14b-21ca-415e-82fa-165f782a7e9c', N'D', 5, CAST(N'2020-12-05T19:27:15.780' AS DateTime))
INSERT [dbo].[CartItem] ([userId], [gameId], [GameFormatCode], [quantity], [lastModified]) VALUES (N'bee8db63-6992-4da8-9153-5b94c84b5336', N'38bcad53-f09a-48f8-9590-96677d009021', N'B', 1, CAST(N'2020-12-05T20:27:19.680' AS DateTime))
INSERT [dbo].[CartItem] ([userId], [gameId], [GameFormatCode], [quantity], [lastModified]) VALUES (N'c6920205-1cfb-485b-a3b8-3d723e61f4ba', N'ead78ac6-fb49-4404-97b6-d1846850019c', N'D', 1, CAST(N'2020-12-07T00:12:57.707' AS DateTime))
INSERT [dbo].[CartItem] ([userId], [gameId], [GameFormatCode], [quantity], [lastModified]) VALUES (N'c6920205-1cfb-485b-a3b8-3d723e61f4ba', N'71f62f6e-bee5-4ba1-a7a1-df86082880f3', N'P', 3, CAST(N'2020-12-07T00:13:19.517' AS DateTime))
INSERT [dbo].[CartItem] ([userId], [gameId], [GameFormatCode], [quantity], [lastModified]) VALUES (N'c6920205-1cfb-485b-a3b8-3d723e61f4ba', N'd5e1ab1c-f83e-4572-b02d-f786ba2cced1', N'D', 1, CAST(N'2020-12-07T00:13:03.323' AS DateTime))
INSERT [dbo].[WishListItem] ([userId], [gameId], [dateCreated]) VALUES (N'aacffaee-6a26-440d-b8ae-ea7981b48e7c', N'ead78ac6-fb49-4404-97b6-d1846850019c', CAST(N'2020-12-07T00:08:20.777' AS DateTime))
INSERT [dbo].[WishListItem] ([userId], [gameId], [dateCreated]) VALUES (N'ad1ddb9a-239c-4eab-af2b-dfa3ae055def', N'3c1d679e-4368-484e-abf1-516d31cd25bd', CAST(N'2020-12-08T17:15:48.063' AS DateTime))
INSERT [dbo].[WishListItem] ([userId], [gameId], [dateCreated]) VALUES (N'ad1ddb9a-239c-4eab-af2b-dfa3ae055def', N'18846826-8c5f-4337-9414-f4fb7088ad94', CAST(N'2020-12-08T17:14:36.507' AS DateTime))
INSERT [dbo].[WishListItem] ([userId], [gameId], [dateCreated]) VALUES (N'bee8db63-6992-4da8-9153-5b94c84b5336', N'5045d14b-21ca-415e-82fa-165f782a7e9c', CAST(N'2020-12-05T20:36:19.990' AS DateTime))
INSERT [dbo].[WishListItem] ([userId], [gameId], [dateCreated]) VALUES (N'c6920205-1cfb-485b-a3b8-3d723e61f4ba', N'baf3be0f-7351-47f4-b56b-1cad5b764740', CAST(N'2020-12-06T15:31:28.777' AS DateTime))
INSERT [dbo].[UserGameLibraryItem] ([userId], [gameId], [datePurchased]) VALUES (N'00634eae-b68c-4285-aeed-4eea1484406f', N'ead78ac6-fb49-4404-97b6-d1846850019c', CAST(N'2020-12-08T01:47:31.170' AS DateTime))
INSERT [dbo].[UserGameLibraryItem] ([userId], [gameId], [datePurchased]) VALUES (N'aacffaee-6a26-440d-b8ae-ea7981b48e7c', N'd4bf60e0-e178-11dd-ad8b-0800200c9a66', CAST(N'2020-12-06T15:55:48.603' AS DateTime))
INSERT [dbo].[UserGameLibraryItem] ([userId], [gameId], [datePurchased]) VALUES (N'aacffaee-6a26-440d-b8ae-ea7981b48e7c', N'5045d14b-21ca-415e-82fa-165f782a7e9c', CAST(N'2020-12-06T15:36:12.307' AS DateTime))
INSERT [dbo].[UserGameLibraryItem] ([userId], [gameId], [datePurchased]) VALUES (N'aacffaee-6a26-440d-b8ae-ea7981b48e7c', N'd9ab9e45-79de-40aa-8da6-53711935ef06', CAST(N'2020-12-06T15:39:21.390' AS DateTime))
INSERT [dbo].[UserGameLibraryItem] ([userId], [gameId], [datePurchased]) VALUES (N'aacffaee-6a26-440d-b8ae-ea7981b48e7c', N'b4162ae7-8f83-45f2-a1ec-c94563211dad', CAST(N'2020-12-06T15:36:49.647' AS DateTime))
INSERT [dbo].[UserGameLibraryItem] ([userId], [gameId], [datePurchased]) VALUES (N'aacffaee-6a26-440d-b8ae-ea7981b48e7c', N'ead78ac6-fb49-4404-97b6-d1846850019c', CAST(N'2020-12-06T17:54:29.173' AS DateTime))
INSERT [dbo].[UserGameLibraryItem] ([userId], [gameId], [datePurchased]) VALUES (N'aacffaee-6a26-440d-b8ae-ea7981b48e7c', N'18846826-8c5f-4337-9414-f4fb7088ad94', CAST(N'2020-12-06T17:29:58.843' AS DateTime))
INSERT [dbo].[UserGameLibraryItem] ([userId], [gameId], [datePurchased]) VALUES (N'ad1ddb9a-239c-4eab-af2b-dfa3ae055def', N'3c1d679e-4368-484e-abf1-516d31cd25bd', CAST(N'2020-12-08T17:17:21.280' AS DateTime))
INSERT [dbo].[UserGameLibraryItem] ([userId], [gameId], [datePurchased]) VALUES (N'c6920205-1cfb-485b-a3b8-3d723e61f4ba', N'd4bf60e0-e178-11dd-ad8b-0800200c9a66', CAST(N'2020-12-06T23:17:11.637' AS DateTime))
INSERT [dbo].[UserGameLibraryItem] ([userId], [gameId], [datePurchased]) VALUES (N'c6920205-1cfb-485b-a3b8-3d723e61f4ba', N'9f080480-e17c-11dd-ad8b-0800200c9a66', CAST(N'2020-12-06T17:43:29.367' AS DateTime))
INSERT [dbo].[UserGameLibraryItem] ([userId], [gameId], [datePurchased]) VALUES (N'c6920205-1cfb-485b-a3b8-3d723e61f4ba', N'9aaf8ce2-88ec-4813-97aa-0b4420ddf970', CAST(N'2020-12-06T15:51:05.787' AS DateTime))
INSERT [dbo].[UserGameLibraryItem] ([userId], [gameId], [datePurchased]) VALUES (N'c6920205-1cfb-485b-a3b8-3d723e61f4ba', N'5045d14b-21ca-415e-82fa-165f782a7e9c', CAST(N'2020-12-06T15:51:05.793' AS DateTime))
INSERT [dbo].[UserGameLibraryItem] ([userId], [gameId], [datePurchased]) VALUES (N'c6920205-1cfb-485b-a3b8-3d723e61f4ba', N'62dbf61f-2a37-4afb-99ea-28ed38142581', CAST(N'2020-12-06T15:51:05.767' AS DateTime))
INSERT [dbo].[UserGameLibraryItem] ([userId], [gameId], [datePurchased]) VALUES (N'c6920205-1cfb-485b-a3b8-3d723e61f4ba', N'b1835a65-5be0-4193-9ff4-2ab86c6fed88', CAST(N'2020-12-06T15:51:05.783' AS DateTime))
INSERT [dbo].[UserGameLibraryItem] ([userId], [gameId], [datePurchased]) VALUES (N'c6920205-1cfb-485b-a3b8-3d723e61f4ba', N'd5e1ab1c-f83e-4572-b02d-f786ba2cced1', CAST(N'2020-12-06T23:17:11.617' AS DateTime))
INSERT [dbo].[UserGameLibraryItem] ([userId], [gameId], [datePurchased]) VALUES (N'fa72925a-5f72-4537-98d2-9f8e7a5108bf', N'd4bf60e0-e178-11dd-ad8b-0800200c9a66', CAST(N'2020-12-08T01:47:16.837' AS DateTime))
INSERT [dbo].[UserGameLibraryItem] ([userId], [gameId], [datePurchased]) VALUES (N'fa72925a-5f72-4537-98d2-9f8e7a5108bf', N'5045d14b-21ca-415e-82fa-165f782a7e9c', CAST(N'2020-12-08T00:49:48.383' AS DateTime))
INSERT [dbo].[UserGameLibraryItem] ([userId], [gameId], [datePurchased]) VALUES (N'fa72925a-5f72-4537-98d2-9f8e7a5108bf', N'8bcccc74-4182-4ad8-ae1c-9a82c57c3c27', CAST(N'2020-12-07T17:04:08.103' AS DateTime))
INSERT [dbo].[UserGameLibraryItem] ([userId], [gameId], [datePurchased]) VALUES (N'fa72925a-5f72-4537-98d2-9f8e7a5108bf', N'ead78ac6-fb49-4404-97b6-d1846850019c', CAST(N'2020-12-07T20:20:33.070' AS DateTime))
INSERT [dbo].[AddressMailing] ([mailingId], [street], [postalCode], [city], [apartmentNumber], [firstName], [lastName], [CountryCode], [lastModified], [userId], [ProvinceCode], [Archived]) VALUES (N'df6b19dc-0205-47ed-91cc-034f03ccfd0f', N'real rd.', N'N0J1E0', N'waterloo', N'', N'member', N'last name', N'AFG', CAST(N'2020-12-06T17:09:06.303' AS DateTime), N'c6920205-1cfb-485b-a3b8-3d723e61f4ba', NULL, 0)
INSERT [dbo].[AddressMailing] ([mailingId], [street], [postalCode], [city], [apartmentNumber], [firstName], [lastName], [CountryCode], [lastModified], [userId], [ProvinceCode], [Archived]) VALUES (N'ecba15d1-d5f6-4be2-88a3-0418bf635b2f', N'DefaultStreet', N'N0J1E0', N'DefaultSCity', N'1', N'DefaultFirst', N'DefaultLast', N'CAN', CAST(N'2020-12-08T02:23:33.953' AS DateTime), N'fa72925a-5f72-4537-98d2-9f8e7a5108bf', NULL, 1)
INSERT [dbo].[AddressMailing] ([mailingId], [street], [postalCode], [city], [apartmentNumber], [firstName], [lastName], [CountryCode], [lastModified], [userId], [ProvinceCode], [Archived]) VALUES (N'6cfb2e2c-5854-4bf3-9c58-056afeb95ec7', N'DefaultStreet', N'N0J1E0', N'DefaultSCity', N'1', N'DefaultFirst', N'DefaultLast', N'CAN', CAST(N'2020-12-08T02:35:43.913' AS DateTime), N'fa72925a-5f72-4537-98d2-9f8e7a5108bf', NULL, 1)
INSERT [dbo].[AddressMailing] ([mailingId], [street], [postalCode], [city], [apartmentNumber], [firstName], [lastName], [CountryCode], [lastModified], [userId], [ProvinceCode], [Archived]) VALUES (N'7a57c90d-b02b-4f31-a3e2-0593bd15e871', N'TestStreet', N'N2R1W2', N'TestCity', N'TestAptNum', N'TestFirstNam', N'TestLastName', N'CAN', CAST(N'2020-12-08T01:44:44.413' AS DateTime), N'00634eae-b68c-4285-aeed-4eea1484406f', N'AB', 1)
INSERT [dbo].[AddressMailing] ([mailingId], [street], [postalCode], [city], [apartmentNumber], [firstName], [lastName], [CountryCode], [lastModified], [userId], [ProvinceCode], [Archived]) VALUES (N'617262b6-7f24-45e3-91cf-05adc493b785', N'Queen Street', N'N2G1K2', N'Kitchener', N'1', N'Daniel', N'Isaacs', N'AFG', CAST(N'2020-12-08T03:36:17.267' AS DateTime), N'aacffaee-6a26-440d-b8ae-ea7981b48e7c', NULL, 0)
INSERT [dbo].[AddressMailing] ([mailingId], [street], [postalCode], [city], [apartmentNumber], [firstName], [lastName], [CountryCode], [lastModified], [userId], [ProvinceCode], [Archived]) VALUES (N'acbcc11c-5c50-455e-ba0c-06354cc21502', N'DefaultStreet', N'N0J1E0', N'DefaultSCity', N'1', N'DefaultFirst', N'DefaultLast', N'CAN', CAST(N'2020-12-08T01:56:16.020' AS DateTime), N'00634eae-b68c-4285-aeed-4eea1484406f', NULL, 1)
INSERT [dbo].[AddressMailing] ([mailingId], [street], [postalCode], [city], [apartmentNumber], [firstName], [lastName], [CountryCode], [lastModified], [userId], [ProvinceCode], [Archived]) VALUES (N'4d2161c0-2337-4cac-bbc2-09785767d41e', N'DefaultStreet', N'N0J1E0', N'DefaultCity', N'1', N'DefaultFirst', N'DefaultLast', N'CAN', CAST(N'2020-12-08T03:40:07.680' AS DateTime), N'00634eae-b68c-4285-aeed-4eea1484406f', NULL, 1)
INSERT [dbo].[AddressMailing] ([mailingId], [street], [postalCode], [city], [apartmentNumber], [firstName], [lastName], [CountryCode], [lastModified], [userId], [ProvinceCode], [Archived]) VALUES (N'a451af25-8568-4fa6-b200-09a9105101f7', N'DefaultStreet', N'N0J1E0', N'DefaultCity', N'1', N'DefaultFirst', N'DefaultLast', N'CAN', CAST(N'2020-12-08T03:20:05.160' AS DateTime), N'fa72925a-5f72-4537-98d2-9f8e7a5108bf', NULL, 1)
INSERT [dbo].[AddressMailing] ([mailingId], [street], [postalCode], [city], [apartmentNumber], [firstName], [lastName], [CountryCode], [lastModified], [userId], [ProvinceCode], [Archived]) VALUES (N'82dc5b84-5507-47ba-bcc7-0bcb93973635', N'DefaultStreet', N'N0J1E0', N'DefaultSCity', N'1', N'DefaultFirst', N'DefaultLast', N'CAN', CAST(N'2020-12-08T02:25:36.380' AS DateTime), N'fa72925a-5f72-4537-98d2-9f8e7a5108bf', NULL, 1)
INSERT [dbo].[AddressMailing] ([mailingId], [street], [postalCode], [city], [apartmentNumber], [firstName], [lastName], [CountryCode], [lastModified], [userId], [ProvinceCode], [Archived]) VALUES (N'fa080ae7-616d-42e6-a4de-0bd5124ffa1f', N'DefaultStreet', N'N0J1E0', N'DefaultSCity', N'1', N'DefaultFirst', N'DefaultLast', N'CAN', CAST(N'2020-12-08T03:01:49.990' AS DateTime), N'fa72925a-5f72-4537-98d2-9f8e7a5108bf', NULL, 1)
INSERT [dbo].[AddressMailing] ([mailingId], [street], [postalCode], [city], [apartmentNumber], [firstName], [lastName], [CountryCode], [lastModified], [userId], [ProvinceCode], [Archived]) VALUES (N'f32bae57-4616-4fa7-ac64-0f01a2324aab', N'DefaultStreet', N'N0J1E0', N'DefaultSCity', N'1', N'DefaultFirst', N'DefaultLast', N'CAN', CAST(N'2020-12-08T01:47:14.187' AS DateTime), N'fa72925a-5f72-4537-98d2-9f8e7a5108bf', NULL, 1)
INSERT [dbo].[AddressMailing] ([mailingId], [street], [postalCode], [city], [apartmentNumber], [firstName], [lastName], [CountryCode], [lastModified], [userId], [ProvinceCode], [Archived]) VALUES (N'cef4d765-098a-4083-a757-0f86488c9d64', N'DefaultStreet', N'N0J1E0', N'DefaultCity', N'1', N'DefaultFirst', N'DefaultLast', N'CAN', CAST(N'2020-12-08T03:19:18.300' AS DateTime), N'fa72925a-5f72-4537-98d2-9f8e7a5108bf', NULL, 1)
INSERT [dbo].[AddressMailing] ([mailingId], [street], [postalCode], [city], [apartmentNumber], [firstName], [lastName], [CountryCode], [lastModified], [userId], [ProvinceCode], [Archived]) VALUES (N'6bf2cee0-d134-4a9e-96ed-11325c8f004c', N'DefaultStreet', N'N0J1E0', N'DefaultCity', N'1', N'DefaultFirst', N'DefaultLast', N'CAN', CAST(N'2020-12-08T03:23:02.120' AS DateTime), N'fa72925a-5f72-4537-98d2-9f8e7a5108bf', NULL, 1)
INSERT [dbo].[AddressMailing] ([mailingId], [street], [postalCode], [city], [apartmentNumber], [firstName], [lastName], [CountryCode], [lastModified], [userId], [ProvinceCode], [Archived]) VALUES (N'd757fc54-2c20-4790-a779-11d9226073c6', N'DefaultStreet', N'N0J1E0', N'DefaultSCity', N'1', N'DefaultFirst', N'DefaultLast', N'CAN', CAST(N'2020-12-08T02:00:38.503' AS DateTime), N'00634eae-b68c-4285-aeed-4eea1484406f', NULL, 1)
INSERT [dbo].[AddressMailing] ([mailingId], [street], [postalCode], [city], [apartmentNumber], [firstName], [lastName], [CountryCode], [lastModified], [userId], [ProvinceCode], [Archived]) VALUES (N'197d1fde-7ca7-4aa9-871a-143775625833', N'DefaultStreet', N'N0J1E0', N'DefaultSCity', N'1', N'DefaultFirst', N'DefaultLast', N'CAN', CAST(N'2020-12-08T01:46:28.480' AS DateTime), N'fa72925a-5f72-4537-98d2-9f8e7a5108bf', NULL, 1)
INSERT [dbo].[AddressMailing] ([mailingId], [street], [postalCode], [city], [apartmentNumber], [firstName], [lastName], [CountryCode], [lastModified], [userId], [ProvinceCode], [Archived]) VALUES (N'b6ce0e7b-d5d4-417f-bb69-1583df0bee73', N'507 Quite Pl, 5', N'N2l5L4', N'Waterloo', N'51', N'Justin', N'Bates', N'CAN', CAST(N'2020-12-06T17:41:04.187' AS DateTime), N'c6920205-1cfb-485b-a3b8-3d723e61f4ba', N'ON', 0)
INSERT [dbo].[AddressMailing] ([mailingId], [street], [postalCode], [city], [apartmentNumber], [firstName], [lastName], [CountryCode], [lastModified], [userId], [ProvinceCode], [Archived]) VALUES (N'cb5f0676-62b8-4598-966b-160efb286a3a', N'DefaultStreet', N'N0J1E0', N'DefaultSCity', N'1', N'DefaultFirst', N'DefaultLast', N'CAN', CAST(N'2020-12-08T02:53:41.753' AS DateTime), N'fa72925a-5f72-4537-98d2-9f8e7a5108bf', NULL, 1)
INSERT [dbo].[AddressMailing] ([mailingId], [street], [postalCode], [city], [apartmentNumber], [firstName], [lastName], [CountryCode], [lastModified], [userId], [ProvinceCode], [Archived]) VALUES (N'11784181-edb7-4b04-93b6-1ad8de5272f0', N'DefaultStreet', N'N0J1E0', N'DefaultSCity', N'1', N'DefaultFirst', N'DefaultLast', N'CAN', CAST(N'2020-12-08T02:36:23.497' AS DateTime), N'fa72925a-5f72-4537-98d2-9f8e7a5108bf', NULL, 1)
INSERT [dbo].[AddressMailing] ([mailingId], [street], [postalCode], [city], [apartmentNumber], [firstName], [lastName], [CountryCode], [lastModified], [userId], [ProvinceCode], [Archived]) VALUES (N'532e8aa0-0218-47ad-85a9-1b44dce3cf0d', N'DefaultStreet', N'N0J1E0', N'DefaultCity', N'1', N'DefaultFirst', N'DefaultLast', N'CAN', CAST(N'2020-12-08T03:19:57.113' AS DateTime), N'fa72925a-5f72-4537-98d2-9f8e7a5108bf', NULL, 1)
INSERT [dbo].[AddressMailing] ([mailingId], [street], [postalCode], [city], [apartmentNumber], [firstName], [lastName], [CountryCode], [lastModified], [userId], [ProvinceCode], [Archived]) VALUES (N'b867e041-0710-422d-a40d-211a55dce7d9', N'DefaultStreet', N'N0J1E0', N'DefaultSCity', N'1', N'DefaultFirst', N'DefaultLast', N'CAN', CAST(N'2020-12-08T02:12:14.033' AS DateTime), N'fa72925a-5f72-4537-98d2-9f8e7a5108bf', NULL, 1)
INSERT [dbo].[AddressMailing] ([mailingId], [street], [postalCode], [city], [apartmentNumber], [firstName], [lastName], [CountryCode], [lastModified], [userId], [ProvinceCode], [Archived]) VALUES (N'4a6927c6-a31b-40a6-9991-2320827f3b1d', N'DefaultStreet', N'N0J1E0', N'DefaultSCity', N'1', N'DefaultFirst', N'DefaultLast', N'CAN', CAST(N'2020-12-08T01:46:56.393' AS DateTime), N'fa72925a-5f72-4537-98d2-9f8e7a5108bf', NULL, 1)
INSERT [dbo].[AddressMailing] ([mailingId], [street], [postalCode], [city], [apartmentNumber], [firstName], [lastName], [CountryCode], [lastModified], [userId], [ProvinceCode], [Archived]) VALUES (N'c9d3bff8-107a-4c7b-9c66-245d927cdaf3', N'DefaultStreet', N'N0J1E0', N'DefaultSCity', N'1', N'DefaultFirst', N'DefaultLast', N'CAN', CAST(N'2020-12-08T03:02:57.450' AS DateTime), N'fa72925a-5f72-4537-98d2-9f8e7a5108bf', NULL, 1)
INSERT [dbo].[AddressMailing] ([mailingId], [street], [postalCode], [city], [apartmentNumber], [firstName], [lastName], [CountryCode], [lastModified], [userId], [ProvinceCode], [Archived]) VALUES (N'460c56b7-73ff-4f07-8fd9-24f28e4f8740', N'DefaultStreet', N'N0J1E0', N'DefaultSCity', N'1', N'DefaultFirst', N'DefaultLast', N'CAN', CAST(N'2020-12-08T02:30:08.827' AS DateTime), N'fa72925a-5f72-4537-98d2-9f8e7a5108bf', NULL, 1)
INSERT [dbo].[AddressMailing] ([mailingId], [street], [postalCode], [city], [apartmentNumber], [firstName], [lastName], [CountryCode], [lastModified], [userId], [ProvinceCode], [Archived]) VALUES (N'f0f9a0d3-3a1e-4f89-8352-26d6f84f5b5a', N'DefaultStreet', N'N0J1E0', N'DefaultCity', N'1', N'DefaultFirst', N'DefaultLast', N'CAN', CAST(N'2020-12-08T03:22:29.767' AS DateTime), N'fa72925a-5f72-4537-98d2-9f8e7a5108bf', NULL, 1)
INSERT [dbo].[AddressMailing] ([mailingId], [street], [postalCode], [city], [apartmentNumber], [firstName], [lastName], [CountryCode], [lastModified], [userId], [ProvinceCode], [Archived]) VALUES (N'dc2199e2-af8a-43b3-bac6-27ca88872aa5', N'DefaultStreet', N'N0J1E0', N'DefaultSCity', N'1', N'DefaultFirst', N'DefaultLast', N'CAN', CAST(N'2020-12-08T02:24:33.647' AS DateTime), N'fa72925a-5f72-4537-98d2-9f8e7a5108bf', NULL, 1)
INSERT [dbo].[AddressMailing] ([mailingId], [street], [postalCode], [city], [apartmentNumber], [firstName], [lastName], [CountryCode], [lastModified], [userId], [ProvinceCode], [Archived]) VALUES (N'4f7e2365-286f-474b-b85f-284ce22fff7e', N'DefaultStreet', N'N0J1E0', N'DefaultSCity', N'1', N'DefaultFirst', N'DefaultLast', N'CAN', CAST(N'2020-12-08T02:06:43.303' AS DateTime), N'fa72925a-5f72-4537-98d2-9f8e7a5108bf', NULL, 1)
INSERT [dbo].[AddressMailing] ([mailingId], [street], [postalCode], [city], [apartmentNumber], [firstName], [lastName], [CountryCode], [lastModified], [userId], [ProvinceCode], [Archived]) VALUES (N'b78fd085-6b59-406f-845c-2cd01c618e5f', N'DefaultStreet', N'N0J1E0', N'DefaultSCity', N'1', N'DefaultFirst', N'DefaultLast', N'CAN', CAST(N'2020-12-08T02:07:07.053' AS DateTime), N'00634eae-b68c-4285-aeed-4eea1484406f', NULL, 1)
INSERT [dbo].[AddressMailing] ([mailingId], [street], [postalCode], [city], [apartmentNumber], [firstName], [lastName], [CountryCode], [lastModified], [userId], [ProvinceCode], [Archived]) VALUES (N'cf46ad29-b6d1-4528-a81e-3069b0947050', N'DefaultStreet', N'N0J1E0', N'DefaultSCity', N'1', N'DefaultFirst', N'DefaultLast', N'CAN', CAST(N'2020-12-08T02:10:08.957' AS DateTime), N'fa72925a-5f72-4537-98d2-9f8e7a5108bf', NULL, 1)
INSERT [dbo].[AddressMailing] ([mailingId], [street], [postalCode], [city], [apartmentNumber], [firstName], [lastName], [CountryCode], [lastModified], [userId], [ProvinceCode], [Archived]) VALUES (N'7622dac9-b3da-4bec-af95-3337f7a7fd49', N'DefaultStreet', N'N0J1E0', N'DefaultSCity', N'1', N'DefaultFirst', N'DefaultLast', N'CAN', CAST(N'2020-12-08T02:05:23.697' AS DateTime), N'fa72925a-5f72-4537-98d2-9f8e7a5108bf', NULL, 1)
INSERT [dbo].[AddressMailing] ([mailingId], [street], [postalCode], [city], [apartmentNumber], [firstName], [lastName], [CountryCode], [lastModified], [userId], [ProvinceCode], [Archived]) VALUES (N'682fb7a9-3e95-44bd-b16c-3a0f328d14ae', N'DefaultStreet', N'N0J1E0', N'DefaultSCity', N'1', N'DefaultFirst', N'DefaultLast', N'CAN', CAST(N'2020-12-08T02:44:07.367' AS DateTime), N'fa72925a-5f72-4537-98d2-9f8e7a5108bf', NULL, 1)
INSERT [dbo].[AddressMailing] ([mailingId], [street], [postalCode], [city], [apartmentNumber], [firstName], [lastName], [CountryCode], [lastModified], [userId], [ProvinceCode], [Archived]) VALUES (N'62fdb5a2-4d45-4776-ad20-3b71fc6c4f05', N'DefaultStreet', N'N0J1E0', N'DefaultSCity', N'1', N'DefaultFirst', N'DefaultLast', N'CAN', CAST(N'2020-12-08T03:12:02.130' AS DateTime), N'00634eae-b68c-4285-aeed-4eea1484406f', NULL, 1)
INSERT [dbo].[AddressMailing] ([mailingId], [street], [postalCode], [city], [apartmentNumber], [firstName], [lastName], [CountryCode], [lastModified], [userId], [ProvinceCode], [Archived]) VALUES (N'f9f1c953-10e8-4749-bdbd-3e13f39c4fc9', N'DefaultStreet', N'N0J1E0', N'DefaultSCity', N'1', N'DefaultFirst', N'DefaultLast', N'CAN', CAST(N'2020-12-08T02:43:57.803' AS DateTime), N'fa72925a-5f72-4537-98d2-9f8e7a5108bf', NULL, 1)
INSERT [dbo].[AddressMailing] ([mailingId], [street], [postalCode], [city], [apartmentNumber], [firstName], [lastName], [CountryCode], [lastModified], [userId], [ProvinceCode], [Archived]) VALUES (N'21eb80b6-2fe3-4996-b3fa-405d7b28c5c8', N'MID N WAL TOWNLINE R', N'N2G1K2', N'test', N'', N'Colin', N'Armstrong', N'CMR', CAST(N'2020-12-05T18:12:23.987' AS DateTime), N'aacffaee-6a26-440d-b8ae-ea7981b48e7c', NULL, 0)
INSERT [dbo].[AddressMailing] ([mailingId], [street], [postalCode], [city], [apartmentNumber], [firstName], [lastName], [CountryCode], [lastModified], [userId], [ProvinceCode], [Archived]) VALUES (N'877b8824-88d8-4084-8a90-40ef789ba8b3', N'DefaultStreet', N'N0J1E0', N'DefaultSCity', N'1', N'DefaultFirst', N'DefaultLast', N'CAN', CAST(N'2020-12-08T01:49:34.157' AS DateTime), N'fa72925a-5f72-4537-98d2-9f8e7a5108bf', NULL, 1)
INSERT [dbo].[AddressMailing] ([mailingId], [street], [postalCode], [city], [apartmentNumber], [firstName], [lastName], [CountryCode], [lastModified], [userId], [ProvinceCode], [Archived]) VALUES (N'00b7e60b-388a-4018-b4d5-42da40793b5d', N'DefaultStreet', N'N0J1E0', N'DefaultSCity', N'1', N'DefaultFirst', N'DefaultLast', N'CAN', CAST(N'2020-12-08T02:59:09.840' AS DateTime), N'fa72925a-5f72-4537-98d2-9f8e7a5108bf', NULL, 1)
INSERT [dbo].[AddressMailing] ([mailingId], [street], [postalCode], [city], [apartmentNumber], [firstName], [lastName], [CountryCode], [lastModified], [userId], [ProvinceCode], [Archived]) VALUES (N'71879a3a-487e-4377-9c7d-4a4c972befcf', N'DefaultStreet', N'N0J1E0', N'DefaultCity', N'1', N'DefaultFirst', N'DefaultLast', N'CAN', CAST(N'2020-12-08T03:23:13.193' AS DateTime), N'fa72925a-5f72-4537-98d2-9f8e7a5108bf', NULL, 0)
INSERT [dbo].[AddressMailing] ([mailingId], [street], [postalCode], [city], [apartmentNumber], [firstName], [lastName], [CountryCode], [lastModified], [userId], [ProvinceCode], [Archived]) VALUES (N'416e026e-b4ce-4e66-85f5-4bf71df26087', N'DefaultStreet', N'N0J1E0', N'DefaultSCity', N'1', N'DefaultFirst', N'DefaultLast', N'CAN', CAST(N'2020-12-08T02:59:38.643' AS DateTime), N'fa72925a-5f72-4537-98d2-9f8e7a5108bf', NULL, 1)
INSERT [dbo].[AddressMailing] ([mailingId], [street], [postalCode], [city], [apartmentNumber], [firstName], [lastName], [CountryCode], [lastModified], [userId], [ProvinceCode], [Archived]) VALUES (N'87450884-5cef-4e4d-a44e-4c42db5f028e', N'TestStreet', N'N2R1W2', N'TestCity', N'TestAptNum', N'TestFirstNam', N'TestLastName', N'CAN', CAST(N'2020-12-08T03:40:01.783' AS DateTime), N'00634eae-b68c-4285-aeed-4eea1484406f', N'AB', 1)
INSERT [dbo].[AddressMailing] ([mailingId], [street], [postalCode], [city], [apartmentNumber], [firstName], [lastName], [CountryCode], [lastModified], [userId], [ProvinceCode], [Archived]) VALUES (N'22889032-6c5e-4c54-a125-4c6419df9e9c', N'DefaultStreet', N'N0J1E0', N'DefaultSCity', N'1', N'DefaultFirst', N'DefaultLast', N'CAN', CAST(N'2020-12-08T03:05:51.937' AS DateTime), N'fa72925a-5f72-4537-98d2-9f8e7a5108bf', NULL, 1)
INSERT [dbo].[AddressMailing] ([mailingId], [street], [postalCode], [city], [apartmentNumber], [firstName], [lastName], [CountryCode], [lastModified], [userId], [ProvinceCode], [Archived]) VALUES (N'7517c39c-3ed5-41a7-a045-4cdfa3899cd5', N'DefaultStreet', N'N0J1E0', N'DefaultSCity', N'1', N'DefaultFirst', N'DefaultLast', N'CAN', CAST(N'2020-12-08T01:59:56.270' AS DateTime), N'00634eae-b68c-4285-aeed-4eea1484406f', NULL, 1)
INSERT [dbo].[AddressMailing] ([mailingId], [street], [postalCode], [city], [apartmentNumber], [firstName], [lastName], [CountryCode], [lastModified], [userId], [ProvinceCode], [Archived]) VALUES (N'2789c3b1-f495-43f1-9f5f-4eec72a9bebe', N'DefaultStreet', N'N0J1E0', N'DefaultSCity', N'1', N'DefaultFirst', N'DefaultLast', N'CAN', CAST(N'2020-12-08T02:09:18.040' AS DateTime), N'fa72925a-5f72-4537-98d2-9f8e7a5108bf', NULL, 1)
INSERT [dbo].[AddressMailing] ([mailingId], [street], [postalCode], [city], [apartmentNumber], [firstName], [lastName], [CountryCode], [lastModified], [userId], [ProvinceCode], [Archived]) VALUES (N'83f79eff-c66f-4c2d-9706-4f4a06d95352', N'DefaultStreet', N'N0J1E0', N'DefaultSCity', N'1', N'DefaultFirst', N'DefaultLast', N'CAN', CAST(N'2020-12-08T02:02:01.150' AS DateTime), N'fa72925a-5f72-4537-98d2-9f8e7a5108bf', NULL, 1)
INSERT [dbo].[AddressMailing] ([mailingId], [street], [postalCode], [city], [apartmentNumber], [firstName], [lastName], [CountryCode], [lastModified], [userId], [ProvinceCode], [Archived]) VALUES (N'4ab46d13-b62f-4b69-9aa3-513c82cef29d', N'DefaultStreet', N'N0J1E0', N'DefaultCity', N'1', N'DefaultFirst', N'DefaultLast', N'CAN', CAST(N'2020-12-08T03:19:37.640' AS DateTime), N'fa72925a-5f72-4537-98d2-9f8e7a5108bf', NULL, 1)
INSERT [dbo].[AddressMailing] ([mailingId], [street], [postalCode], [city], [apartmentNumber], [firstName], [lastName], [CountryCode], [lastModified], [userId], [ProvinceCode], [Archived]) VALUES (N'6403ece6-1b7a-4177-b236-52bf2d8f693f', N'DefaultStreet', N'N0J1E0', N'DefaultSCity', N'1', N'DefaultFirst', N'DefaultLast', N'CAN', CAST(N'2020-12-08T01:47:05.940' AS DateTime), N'fa72925a-5f72-4537-98d2-9f8e7a5108bf', NULL, 1)
INSERT [dbo].[AddressMailing] ([mailingId], [street], [postalCode], [city], [apartmentNumber], [firstName], [lastName], [CountryCode], [lastModified], [userId], [ProvinceCode], [Archived]) VALUES (N'93a10892-e07b-498c-b946-555f51d7840b', N'DefaultStreet', N'N0J1E0', N'DefaultSCity', N'1', N'DefaultFirst', N'DefaultLast', N'CAN', CAST(N'2020-12-08T02:45:17.957' AS DateTime), N'fa72925a-5f72-4537-98d2-9f8e7a5108bf', NULL, 1)
INSERT [dbo].[AddressMailing] ([mailingId], [street], [postalCode], [city], [apartmentNumber], [firstName], [lastName], [CountryCode], [lastModified], [userId], [ProvinceCode], [Archived]) VALUES (N'fc5ae8fb-c600-49ee-bc5e-584c8b21c9a9', N'DefaultStreet', N'N0J1E0', N'DefaultCity', N'1', N'DefaultFirst', N'DefaultLast', N'CAN', CAST(N'2020-12-08T03:19:08.417' AS DateTime), N'fa72925a-5f72-4537-98d2-9f8e7a5108bf', NULL, 1)
INSERT [dbo].[AddressMailing] ([mailingId], [street], [postalCode], [city], [apartmentNumber], [firstName], [lastName], [CountryCode], [lastModified], [userId], [ProvinceCode], [Archived]) VALUES (N'f664732e-e5fb-4112-b3c8-5dc5f8bfe802', N'DefaultStreet', N'N0J1E0', N'DefaultSCity', N'1', N'DefaultFirst', N'DefaultLast', N'CAN', CAST(N'2020-12-08T02:59:20.387' AS DateTime), N'fa72925a-5f72-4537-98d2-9f8e7a5108bf', NULL, 1)
INSERT [dbo].[AddressMailing] ([mailingId], [street], [postalCode], [city], [apartmentNumber], [firstName], [lastName], [CountryCode], [lastModified], [userId], [ProvinceCode], [Archived]) VALUES (N'310e1f2a-39e2-49d2-a0e6-61ec3502448e', N'DefaultStreet', N'N0J1E0', N'DefaultSCity', N'1', N'DefaultFirst', N'DefaultLast', N'CAN', CAST(N'2020-12-08T01:49:51.170' AS DateTime), N'fa72925a-5f72-4537-98d2-9f8e7a5108bf', NULL, 1)
INSERT [dbo].[AddressMailing] ([mailingId], [street], [postalCode], [city], [apartmentNumber], [firstName], [lastName], [CountryCode], [lastModified], [userId], [ProvinceCode], [Archived]) VALUES (N'f79e4757-2a45-42b9-9df6-62803c67195a', N'DefaultStreet', N'N0J1E0', N'DefaultCity', N'1', N'DefaultFirst', N'DefaultLast', N'CAN', CAST(N'2020-12-08T03:20:30.053' AS DateTime), N'00634eae-b68c-4285-aeed-4eea1484406f', NULL, 1)
INSERT [dbo].[AddressMailing] ([mailingId], [street], [postalCode], [city], [apartmentNumber], [firstName], [lastName], [CountryCode], [lastModified], [userId], [ProvinceCode], [Archived]) VALUES (N'0dcd28da-fcc9-41dc-898b-631e88c86c56', N'DefaultStreet', N'N0J1E0', N'DefaultSCity', N'1', N'DefaultFirst', N'DefaultLast', N'CAN', CAST(N'2020-12-08T03:05:24.727' AS DateTime), N'fa72925a-5f72-4537-98d2-9f8e7a5108bf', NULL, 1)
INSERT [dbo].[AddressMailing] ([mailingId], [street], [postalCode], [city], [apartmentNumber], [firstName], [lastName], [CountryCode], [lastModified], [userId], [ProvinceCode], [Archived]) VALUES (N'd3f42bf4-d40f-49ee-af58-6637e53a2988', N'DefaultStreet', N'N0J1E0', N'DefaultSCity', N'1', N'DefaultFirst', N'DefaultLast', N'CAN', CAST(N'2020-12-08T02:12:41.417' AS DateTime), N'fa72925a-5f72-4537-98d2-9f8e7a5108bf', NULL, 1)
INSERT [dbo].[AddressMailing] ([mailingId], [street], [postalCode], [city], [apartmentNumber], [firstName], [lastName], [CountryCode], [lastModified], [userId], [ProvinceCode], [Archived]) VALUES (N'e205cb49-4d80-49e8-a2df-6e0c18e0ca34', N'DefaultStreet', N'N0J1E0', N'DefaultSCity', N'1', N'DefaultFirst', N'DefaultLast', N'CAN', CAST(N'2020-12-08T02:43:29.287' AS DateTime), N'fa72925a-5f72-4537-98d2-9f8e7a5108bf', NULL, 1)
INSERT [dbo].[AddressMailing] ([mailingId], [street], [postalCode], [city], [apartmentNumber], [firstName], [lastName], [CountryCode], [lastModified], [userId], [ProvinceCode], [Archived]) VALUES (N'0efee568-f4d3-4de9-843b-6ec9aa7ccfc9', N'DefaultStreet', N'N0J1E0', N'DefaultSCity', N'1', N'DefaultFirst', N'DefaultLast', N'CAN', CAST(N'2020-12-08T02:12:50.683' AS DateTime), N'fa72925a-5f72-4537-98d2-9f8e7a5108bf', NULL, 1)
INSERT [dbo].[AddressMailing] ([mailingId], [street], [postalCode], [city], [apartmentNumber], [firstName], [lastName], [CountryCode], [lastModified], [userId], [ProvinceCode], [Archived]) VALUES (N'ac0704ca-9bfc-479a-b681-72914b5aabe4', N'DefaultStreet', N'N0J1E0', N'DefaultSCity', N'1', N'DefaultFirst', N'DefaultLast', N'CAN', CAST(N'2020-12-08T01:46:00.860' AS DateTime), N'fa72925a-5f72-4537-98d2-9f8e7a5108bf', NULL, 1)
INSERT [dbo].[AddressMailing] ([mailingId], [street], [postalCode], [city], [apartmentNumber], [firstName], [lastName], [CountryCode], [lastModified], [userId], [ProvinceCode], [Archived]) VALUES (N'857a0a36-f027-4c74-82a2-7584292b1578', N'DefaultStreet', N'N0J1E0', N'DefaultSCity', N'1', N'DefaultFirst', N'DefaultLast', N'CAN', CAST(N'2020-12-08T01:46:37.993' AS DateTime), N'fa72925a-5f72-4537-98d2-9f8e7a5108bf', NULL, 1)
INSERT [dbo].[AddressMailing] ([mailingId], [street], [postalCode], [city], [apartmentNumber], [firstName], [lastName], [CountryCode], [lastModified], [userId], [ProvinceCode], [Archived]) VALUES (N'18210742-2a22-4ac8-b622-7795a7e46e89', N'DefaultStreet', N'N0J1E0', N'DefaultSCity', N'1', N'DefaultFirst', N'DefaultLast', N'CAN', CAST(N'2020-12-08T02:07:34.030' AS DateTime), N'fa72925a-5f72-4537-98d2-9f8e7a5108bf', NULL, 1)
INSERT [dbo].[AddressMailing] ([mailingId], [street], [postalCode], [city], [apartmentNumber], [firstName], [lastName], [CountryCode], [lastModified], [userId], [ProvinceCode], [Archived]) VALUES (N'6da68ef1-86ba-4453-b590-78563fba7b0e', N'DefaultStreet', N'N0J1E0', N'DefaultSCity', N'1', N'DefaultFirst', N'DefaultLast', N'CAN', CAST(N'2020-12-08T02:36:14.260' AS DateTime), N'fa72925a-5f72-4537-98d2-9f8e7a5108bf', NULL, 1)
INSERT [dbo].[AddressMailing] ([mailingId], [street], [postalCode], [city], [apartmentNumber], [firstName], [lastName], [CountryCode], [lastModified], [userId], [ProvinceCode], [Archived]) VALUES (N'cefc3b82-7df4-4c8f-8361-785c88fe26b6', N'DefaultStreet', N'N0J1E0', N'DefaultSCity', N'1', N'DefaultFirst', N'DefaultLast', N'CAN', CAST(N'2020-12-08T02:43:47.580' AS DateTime), N'fa72925a-5f72-4537-98d2-9f8e7a5108bf', NULL, 1)
INSERT [dbo].[AddressMailing] ([mailingId], [street], [postalCode], [city], [apartmentNumber], [firstName], [lastName], [CountryCode], [lastModified], [userId], [ProvinceCode], [Archived]) VALUES (N'd80064af-6a8c-4be2-870b-7b0816aa0cd5', N'DefaultStreet', N'N0J1E0', N'DefaultSCity', N'1', N'DefaultFirst', N'DefaultLast', N'CAN', CAST(N'2020-12-08T02:10:48.017' AS DateTime), N'fa72925a-5f72-4537-98d2-9f8e7a5108bf', NULL, 1)
INSERT [dbo].[AddressMailing] ([mailingId], [street], [postalCode], [city], [apartmentNumber], [firstName], [lastName], [CountryCode], [lastModified], [userId], [ProvinceCode], [Archived]) VALUES (N'1da0a6e5-bbe1-4cda-8c40-7c844ef41703', N'DefaultStreet', N'N0J1E0', N'DefaultCity', N'1', N'DefaultFirst', N'DefaultLast', N'CAN', CAST(N'2020-12-08T03:22:52.800' AS DateTime), N'fa72925a-5f72-4537-98d2-9f8e7a5108bf', NULL, 1)
INSERT [dbo].[AddressMailing] ([mailingId], [street], [postalCode], [city], [apartmentNumber], [firstName], [lastName], [CountryCode], [lastModified], [userId], [ProvinceCode], [Archived]) VALUES (N'83f681c9-0302-4a7e-952a-7c8d65cbae6b', N'DefaultStreet', N'N0J1E0', N'DefaultSCity', N'1', N'DefaultFirst', N'DefaultLast', N'CAN', CAST(N'2020-12-08T03:05:01.287' AS DateTime), N'fa72925a-5f72-4537-98d2-9f8e7a5108bf', NULL, 1)
INSERT [dbo].[AddressMailing] ([mailingId], [street], [postalCode], [city], [apartmentNumber], [firstName], [lastName], [CountryCode], [lastModified], [userId], [ProvinceCode], [Archived]) VALUES (N'3678f263-3566-42a1-bcbf-7ff0be07dfac', N'DefaultStreet', N'N0J1E0', N'DefaultSCity', N'1', N'DefaultFirst', N'DefaultLast', N'CAN', CAST(N'2020-12-08T02:49:51.043' AS DateTime), N'fa72925a-5f72-4537-98d2-9f8e7a5108bf', NULL, 1)
INSERT [dbo].[AddressMailing] ([mailingId], [street], [postalCode], [city], [apartmentNumber], [firstName], [lastName], [CountryCode], [lastModified], [userId], [ProvinceCode], [Archived]) VALUES (N'a3505f45-d411-42b8-8180-84cbd4ba4d20', N'DefaultStreet', N'N0J1E0', N'DefaultSCity', N'1', N'DefaultFirst', N'DefaultLast', N'CAN', CAST(N'2020-12-08T02:25:46.220' AS DateTime), N'fa72925a-5f72-4537-98d2-9f8e7a5108bf', NULL, 1)
INSERT [dbo].[AddressMailing] ([mailingId], [street], [postalCode], [city], [apartmentNumber], [firstName], [lastName], [CountryCode], [lastModified], [userId], [ProvinceCode], [Archived]) VALUES (N'c70c0a93-8982-402d-89a0-8e0fef23e7d5', N'DefaultStreet', N'N0J1E0', N'DefaultSCity', N'1', N'DefaultFirst', N'DefaultLast', N'CAN', CAST(N'2020-12-08T00:34:53.887' AS DateTime), N'fa72925a-5f72-4537-98d2-9f8e7a5108bf', NULL, 1)
INSERT [dbo].[AddressMailing] ([mailingId], [street], [postalCode], [city], [apartmentNumber], [firstName], [lastName], [CountryCode], [lastModified], [userId], [ProvinceCode], [Archived]) VALUES (N'21cde24a-0bc2-47d8-88bd-90dd146b5a3e', N'DefaultStreet', N'N0J1E0', N'DefaultSCity', N'1', N'DefaultFirst', N'DefaultLast', N'CAN', CAST(N'2020-12-08T01:46:10.227' AS DateTime), N'fa72925a-5f72-4537-98d2-9f8e7a5108bf', NULL, 1)
INSERT [dbo].[AddressMailing] ([mailingId], [street], [postalCode], [city], [apartmentNumber], [firstName], [lastName], [CountryCode], [lastModified], [userId], [ProvinceCode], [Archived]) VALUES (N'305cebab-9510-4ab0-baf9-9228a729d089', N'DefaultStreet', N'N0J1E0', N'DefaultSCity', N'1', N'DefaultFirst', N'DefaultLast', N'CAN', CAST(N'2020-12-08T01:50:09.477' AS DateTime), N'fa72925a-5f72-4537-98d2-9f8e7a5108bf', NULL, 1)
INSERT [dbo].[AddressMailing] ([mailingId], [street], [postalCode], [city], [apartmentNumber], [firstName], [lastName], [CountryCode], [lastModified], [userId], [ProvinceCode], [Archived]) VALUES (N'f5f4ed26-9577-42e1-82fb-969a14c07b89', N'DefaultStreet', N'N0J1E0', N'DefaultSCity', N'1', N'DefaultFirst', N'DefaultLast', N'CAN', CAST(N'2020-12-08T02:54:53.130' AS DateTime), N'fa72925a-5f72-4537-98d2-9f8e7a5108bf', NULL, 1)
INSERT [dbo].[AddressMailing] ([mailingId], [street], [postalCode], [city], [apartmentNumber], [firstName], [lastName], [CountryCode], [lastModified], [userId], [ProvinceCode], [Archived]) VALUES (N'bac2c478-bba8-4be3-aeb6-9add7db58229', N'TestStreet', N'N2R1W2', N'TestCity', N'TestAptNum', N'TestFirstNam', N'TestLastName', N'CAN', CAST(N'2020-12-08T03:11:48.927' AS DateTime), N'00634eae-b68c-4285-aeed-4eea1484406f', N'AB', 1)
INSERT [dbo].[AddressMailing] ([mailingId], [street], [postalCode], [city], [apartmentNumber], [firstName], [lastName], [CountryCode], [lastModified], [userId], [ProvinceCode], [Archived]) VALUES (N'6ce8614e-c224-4d92-94fc-9e4ca1ef0745', N'DefaultStreet', N'N0J1E0', N'DefaultSCity', N'1', N'DefaultFirst', N'DefaultLast', N'CAN', CAST(N'2020-12-08T03:08:14.903' AS DateTime), N'fa72925a-5f72-4537-98d2-9f8e7a5108bf', NULL, 1)
INSERT [dbo].[AddressMailing] ([mailingId], [street], [postalCode], [city], [apartmentNumber], [firstName], [lastName], [CountryCode], [lastModified], [userId], [ProvinceCode], [Archived]) VALUES (N'11f1e83c-0f6b-4d4a-87f6-9f84b7ecef30', N'DefaultStreet', N'N0J1E0', N'DefaultSCity', N'1', N'DefaultFirst', N'DefaultLast', N'CAN', CAST(N'2020-12-08T02:53:24.273' AS DateTime), N'fa72925a-5f72-4537-98d2-9f8e7a5108bf', NULL, 1)
INSERT [dbo].[AddressMailing] ([mailingId], [street], [postalCode], [city], [apartmentNumber], [firstName], [lastName], [CountryCode], [lastModified], [userId], [ProvinceCode], [Archived]) VALUES (N'e63c5cb0-480a-4441-860d-a44d3dc0d498', N'DefaultStreet', N'N0J1E0', N'DefaultCity', N'1', N'DefaultFirst', N'DefaultLast', N'CAN', CAST(N'2020-12-08T03:19:47.407' AS DateTime), N'fa72925a-5f72-4537-98d2-9f8e7a5108bf', NULL, 1)
INSERT [dbo].[AddressMailing] ([mailingId], [street], [postalCode], [city], [apartmentNumber], [firstName], [lastName], [CountryCode], [lastModified], [userId], [ProvinceCode], [Archived]) VALUES (N'f93f3c35-4279-490f-8910-a559f090ab2a', N'DefaultStreet', N'N0J1E0', N'DefaultCity', N'1', N'DefaultFirst', N'DefaultLast', N'CAN', CAST(N'2020-12-08T03:40:13.567' AS DateTime), N'00634eae-b68c-4285-aeed-4eea1484406f', NULL, 1)
INSERT [dbo].[AddressMailing] ([mailingId], [street], [postalCode], [city], [apartmentNumber], [firstName], [lastName], [CountryCode], [lastModified], [userId], [ProvinceCode], [Archived]) VALUES (N'ce7fc46f-cefb-482d-b418-a8663ec10c20', N'DefaultStreet', N'N0J1E0', N'DefaultSCity', N'1', N'DefaultFirst', N'DefaultLast', N'CAN', CAST(N'2020-12-08T02:59:29.147' AS DateTime), N'fa72925a-5f72-4537-98d2-9f8e7a5108bf', NULL, 1)
INSERT [dbo].[AddressMailing] ([mailingId], [street], [postalCode], [city], [apartmentNumber], [firstName], [lastName], [CountryCode], [lastModified], [userId], [ProvinceCode], [Archived]) VALUES (N'882c64f4-e722-4a66-a833-af453ce1a34a', N'DefaultStreet', N'N0J1E0', N'DefaultSCity', N'1', N'DefaultFirst', N'DefaultLast', N'CAN', CAST(N'2020-12-08T03:06:16.190' AS DateTime), N'fa72925a-5f72-4537-98d2-9f8e7a5108bf', NULL, 1)
INSERT [dbo].[AddressMailing] ([mailingId], [street], [postalCode], [city], [apartmentNumber], [firstName], [lastName], [CountryCode], [lastModified], [userId], [ProvinceCode], [Archived]) VALUES (N'0516adc3-e54e-478b-b592-afe9fb9ca2ac', N'DefaultStreet', N'N0J1E0', N'DefaultSCity', N'1', N'DefaultFirst', N'DefaultLast', N'CAN', CAST(N'2020-12-08T02:10:17.987' AS DateTime), N'00634eae-b68c-4285-aeed-4eea1484406f', NULL, 1)
INSERT [dbo].[AddressMailing] ([mailingId], [street], [postalCode], [city], [apartmentNumber], [firstName], [lastName], [CountryCode], [lastModified], [userId], [ProvinceCode], [Archived]) VALUES (N'0f9c533c-1b47-41c8-b062-afefb04d10c7', N'DefaultStreet', N'N0J1E0', N'DefaultSCity', N'1', N'DefaultFirst', N'DefaultLast', N'CAN', CAST(N'2020-12-08T01:47:23.567' AS DateTime), N'fa72925a-5f72-4537-98d2-9f8e7a5108bf', NULL, 1)
INSERT [dbo].[AddressMailing] ([mailingId], [street], [postalCode], [city], [apartmentNumber], [firstName], [lastName], [CountryCode], [lastModified], [userId], [ProvinceCode], [Archived]) VALUES (N'd1bd9e04-07d0-40cb-bb4e-b43d84c2f90c', N'Queen Street', N'N2G1K2', N'Kitchener', N'', N'Daniel', N'Isaacs', N'CAN', CAST(N'2020-12-08T17:09:46.837' AS DateTime), N'ad1ddb9a-239c-4eab-af2b-dfa3ae055def', NULL, 0)
INSERT [dbo].[AddressMailing] ([mailingId], [street], [postalCode], [city], [apartmentNumber], [firstName], [lastName], [CountryCode], [lastModified], [userId], [ProvinceCode], [Archived]) VALUES (N'1c80df4c-5ad7-47d5-8342-bb3e8921b66b', N'DefaultStreet', N'N0J1E0', N'DefaultSCity', N'1', N'DefaultFirst', N'DefaultLast', N'CAN', CAST(N'2020-12-08T01:50:00.140' AS DateTime), N'fa72925a-5f72-4537-98d2-9f8e7a5108bf', NULL, 1)
INSERT [dbo].[AddressMailing] ([mailingId], [street], [postalCode], [city], [apartmentNumber], [firstName], [lastName], [CountryCode], [lastModified], [userId], [ProvinceCode], [Archived]) VALUES (N'd0c2070d-cc81-4101-890a-bc10ed579001', N'DefaultStreet', N'N0J1E0', N'DefaultSCity', N'1', N'DefaultFirst', N'DefaultLast', N'CAN', CAST(N'2020-12-08T02:30:44.880' AS DateTime), N'fa72925a-5f72-4537-98d2-9f8e7a5108bf', NULL, 1)
INSERT [dbo].[AddressMailing] ([mailingId], [street], [postalCode], [city], [apartmentNumber], [firstName], [lastName], [CountryCode], [lastModified], [userId], [ProvinceCode], [Archived]) VALUES (N'265ac4e0-84a9-408c-91f1-bca616b9940e', N'DefaultStreet', N'N0J1E0', N'DefaultSCity', N'1', N'DefaultFirst', N'DefaultLast', N'CAN', CAST(N'2020-12-08T02:06:35.663' AS DateTime), N'fa72925a-5f72-4537-98d2-9f8e7a5108bf', NULL, 1)
INSERT [dbo].[AddressMailing] ([mailingId], [street], [postalCode], [city], [apartmentNumber], [firstName], [lastName], [CountryCode], [lastModified], [userId], [ProvinceCode], [Archived]) VALUES (N'b5fd4269-bbed-47bb-8b89-bf2cd581b527', N'DefaultStreet', N'N0J1E0', N'DefaultCity', N'1', N'DefaultFirst', N'DefaultLast', N'CAN', CAST(N'2020-12-08T03:20:14.980' AS DateTime), N'fa72925a-5f72-4537-98d2-9f8e7a5108bf', NULL, 1)
INSERT [dbo].[AddressMailing] ([mailingId], [street], [postalCode], [city], [apartmentNumber], [firstName], [lastName], [CountryCode], [lastModified], [userId], [ProvinceCode], [Archived]) VALUES (N'743b5a41-6288-4e30-8cf7-bf64eb0c7552', N'DefaultStreet', N'N0J1E0', N'DefaultSCity', N'1', N'DefaultFirst', N'DefaultLast', N'CAN', CAST(N'2020-12-08T02:36:04.257' AS DateTime), N'fa72925a-5f72-4537-98d2-9f8e7a5108bf', NULL, 1)
INSERT [dbo].[AddressMailing] ([mailingId], [street], [postalCode], [city], [apartmentNumber], [firstName], [lastName], [CountryCode], [lastModified], [userId], [ProvinceCode], [Archived]) VALUES (N'4e24f821-a3bc-4d0f-aa7e-c37d2e74b901', N'DefaultStreet', N'N0J1E0', N'DefaultSCity', N'1', N'DefaultFirst', N'DefaultLast', N'CAN', CAST(N'2020-12-08T02:00:44.220' AS DateTime), N'00634eae-b68c-4285-aeed-4eea1484406f', NULL, 1)
INSERT [dbo].[AddressMailing] ([mailingId], [street], [postalCode], [city], [apartmentNumber], [firstName], [lastName], [CountryCode], [lastModified], [userId], [ProvinceCode], [Archived]) VALUES (N'c54c3cc5-2b4e-49de-94e6-c540fdf38b56', N'DefaultStreet', N'N0J1E0', N'DefaultSCity', N'1', N'DefaultFirst', N'DefaultLast', N'CAN', CAST(N'2020-12-08T02:06:52.117' AS DateTime), N'fa72925a-5f72-4537-98d2-9f8e7a5108bf', NULL, 1)
INSERT [dbo].[AddressMailing] ([mailingId], [street], [postalCode], [city], [apartmentNumber], [firstName], [lastName], [CountryCode], [lastModified], [userId], [ProvinceCode], [Archived]) VALUES (N'c935aff7-f636-46bf-b7b3-c8ba87c1e756', N'DefaultStreet', N'N0J1E0', N'DefaultSCity', N'1', N'DefaultFirst', N'DefaultLast', N'CAN', CAST(N'2020-12-08T01:46:19.233' AS DateTime), N'fa72925a-5f72-4537-98d2-9f8e7a5108bf', NULL, 1)
INSERT [dbo].[AddressMailing] ([mailingId], [street], [postalCode], [city], [apartmentNumber], [firstName], [lastName], [CountryCode], [lastModified], [userId], [ProvinceCode], [Archived]) VALUES (N'71660ae8-8e2a-4253-8585-c9e3e5ba1c0b', N'DefaultStreet', N'N0J1E0', N'DefaultSCity', N'1', N'DefaultFirst', N'DefaultLast', N'CAN', CAST(N'2020-12-08T03:11:55.827' AS DateTime), N'00634eae-b68c-4285-aeed-4eea1484406f', NULL, 1)
INSERT [dbo].[AddressMailing] ([mailingId], [street], [postalCode], [city], [apartmentNumber], [firstName], [lastName], [CountryCode], [lastModified], [userId], [ProvinceCode], [Archived]) VALUES (N'6f210a93-7671-4b24-bd3e-cdfaac470c8b', N'DefaultStreet', N'N0J1E0', N'DefaultSCity', N'1', N'DefaultFirst', N'DefaultLast', N'CAN', CAST(N'2020-12-08T02:25:26.960' AS DateTime), N'fa72925a-5f72-4537-98d2-9f8e7a5108bf', NULL, 1)
INSERT [dbo].[AddressMailing] ([mailingId], [street], [postalCode], [city], [apartmentNumber], [firstName], [lastName], [CountryCode], [lastModified], [userId], [ProvinceCode], [Archived]) VALUES (N'03718876-42c8-442f-9c59-d1127f23bac5', N'DefaultStreet', N'N0J1E0', N'DefaultSCity', N'1', N'DefaultFirst', N'DefaultLast', N'CAN', CAST(N'2020-12-08T02:53:32.223' AS DateTime), N'fa72925a-5f72-4537-98d2-9f8e7a5108bf', NULL, 1)
INSERT [dbo].[AddressMailing] ([mailingId], [street], [postalCode], [city], [apartmentNumber], [firstName], [lastName], [CountryCode], [lastModified], [userId], [ProvinceCode], [Archived]) VALUES (N'00999868-c450-487e-bacb-d27b232e9c36', N'DefaultStreet', N'N0J1E0', N'DefaultSCity', N'1', N'DefaultFirst', N'DefaultLast', N'CAN', CAST(N'2020-12-08T00:32:49.120' AS DateTime), N'fa72925a-5f72-4537-98d2-9f8e7a5108bf', NULL, 1)
INSERT [dbo].[AddressMailing] ([mailingId], [street], [postalCode], [city], [apartmentNumber], [firstName], [lastName], [CountryCode], [lastModified], [userId], [ProvinceCode], [Archived]) VALUES (N'9df1d037-5186-4044-b973-d7c0e3df7834', N'DefaultStreet', N'N0J1E0', N'DefaultSCity', N'1', N'DefaultFirst', N'DefaultLast', N'CAN', CAST(N'2020-12-08T02:12:31.860' AS DateTime), N'fa72925a-5f72-4537-98d2-9f8e7a5108bf', NULL, 1)
INSERT [dbo].[AddressMailing] ([mailingId], [street], [postalCode], [city], [apartmentNumber], [firstName], [lastName], [CountryCode], [lastModified], [userId], [ProvinceCode], [Archived]) VALUES (N'fbee8aa9-c8e0-4756-a1c4-d847a36d24ff', N'DefaultStreet', N'N0J1E0', N'DefaultSCity', N'1', N'DefaultFirst', N'DefaultLast', N'CAN', CAST(N'2020-12-08T02:53:09.477' AS DateTime), N'fa72925a-5f72-4537-98d2-9f8e7a5108bf', NULL, 1)
INSERT [dbo].[AddressMailing] ([mailingId], [street], [postalCode], [city], [apartmentNumber], [firstName], [lastName], [CountryCode], [lastModified], [userId], [ProvinceCode], [Archived]) VALUES (N'afd69b02-dd93-422f-bbb7-d8675190f7a8', N'Queen Street', N'N2G1K2', N'Kitchener', N'', N'Daniel', N'Isaacs', N'AFG', CAST(N'2020-12-07T17:03:49.070' AS DateTime), N'fa72925a-5f72-4537-98d2-9f8e7a5108bf', NULL, 1)
INSERT [dbo].[AddressMailing] ([mailingId], [street], [postalCode], [city], [apartmentNumber], [firstName], [lastName], [CountryCode], [lastModified], [userId], [ProvinceCode], [Archived]) VALUES (N'd1c71521-8317-4c64-bb2f-d9a6e5b035ad', N'DefaultStreet', N'N0J1E0', N'DefaultSCity', N'1', N'DefaultFirst', N'DefaultLast', N'CAN', CAST(N'2020-12-08T03:09:07.950' AS DateTime), N'fa72925a-5f72-4537-98d2-9f8e7a5108bf', NULL, 1)
INSERT [dbo].[AddressMailing] ([mailingId], [street], [postalCode], [city], [apartmentNumber], [firstName], [lastName], [CountryCode], [lastModified], [userId], [ProvinceCode], [Archived]) VALUES (N'5fd80339-1c3e-48b7-982f-da3404210fb2', N'DefaultStreet', N'N0J1E0', N'DefaultSCity', N'1', N'DefaultFirst', N'DefaultLast', N'CAN', CAST(N'2020-12-08T02:09:59.963' AS DateTime), N'fa72925a-5f72-4537-98d2-9f8e7a5108bf', NULL, 1)
INSERT [dbo].[AddressMailing] ([mailingId], [street], [postalCode], [city], [apartmentNumber], [firstName], [lastName], [CountryCode], [lastModified], [userId], [ProvinceCode], [Archived]) VALUES (N'0f743d37-f275-4f26-932e-dce5bb6ec87e', N'DefaultStreet', N'N0J1E0', N'DefaultCity', N'1', N'DefaultFirst', N'DefaultLast', N'CAN', CAST(N'2020-12-08T03:17:39.563' AS DateTime), N'00634eae-b68c-4285-aeed-4eea1484406f', NULL, 1)
INSERT [dbo].[AddressMailing] ([mailingId], [street], [postalCode], [city], [apartmentNumber], [firstName], [lastName], [CountryCode], [lastModified], [userId], [ProvinceCode], [Archived]) VALUES (N'1c8be872-9d32-4359-854f-de2a6cec180a', N'DefaultStreet', N'N0J1E0', N'DefaultCity', N'1', N'DefaultFirst', N'DefaultLast', N'CAN', CAST(N'2020-12-08T03:18:58.207' AS DateTime), N'fa72925a-5f72-4537-98d2-9f8e7a5108bf', NULL, 1)
INSERT [dbo].[AddressMailing] ([mailingId], [street], [postalCode], [city], [apartmentNumber], [firstName], [lastName], [CountryCode], [lastModified], [userId], [ProvinceCode], [Archived]) VALUES (N'fe8a5133-7597-4f1a-b1fa-df1ebb26ce2d', N'DefaultStreet', N'N0J1E0', N'DefaultSCity', N'1', N'DefaultFirst', N'DefaultLast', N'CAN', CAST(N'2020-12-08T03:03:54.270' AS DateTime), N'fa72925a-5f72-4537-98d2-9f8e7a5108bf', NULL, 1)
INSERT [dbo].[AddressMailing] ([mailingId], [street], [postalCode], [city], [apartmentNumber], [firstName], [lastName], [CountryCode], [lastModified], [userId], [ProvinceCode], [Archived]) VALUES (N'2f3190aa-d72a-4685-9e29-e353b2a60ee0', N'TestStreet', N'N2R1W2', N'TestCity', N'TestAptNum', N'TestFirstNam', N'TestLastName', N'CAN', CAST(N'2020-12-08T03:17:27.553' AS DateTime), N'00634eae-b68c-4285-aeed-4eea1484406f', N'AB', 1)
INSERT [dbo].[AddressMailing] ([mailingId], [street], [postalCode], [city], [apartmentNumber], [firstName], [lastName], [CountryCode], [lastModified], [userId], [ProvinceCode], [Archived]) VALUES (N'fdd3a1bf-0509-4b97-aa7f-e3aad7efe22f', N'DefaultStreet', N'N0J1E0', N'DefaultSCity', N'1', N'DefaultFirst', N'DefaultLast', N'CAN', CAST(N'2020-12-08T02:49:28.283' AS DateTime), N'fa72925a-5f72-4537-98d2-9f8e7a5108bf', NULL, 1)
INSERT [dbo].[AddressMailing] ([mailingId], [street], [postalCode], [city], [apartmentNumber], [firstName], [lastName], [CountryCode], [lastModified], [userId], [ProvinceCode], [Archived]) VALUES (N'dc8bc7ca-239c-4231-8b76-e51c708af598', N'DefaultStreet', N'N0J1E0', N'DefaultCity', N'1', N'DefaultFirst', N'DefaultLast', N'CAN', CAST(N'2020-12-08T03:18:48.400' AS DateTime), N'fa72925a-5f72-4537-98d2-9f8e7a5108bf', NULL, 1)
GO
INSERT [dbo].[AddressMailing] ([mailingId], [street], [postalCode], [city], [apartmentNumber], [firstName], [lastName], [CountryCode], [lastModified], [userId], [ProvinceCode], [Archived]) VALUES (N'311fba7d-8571-4aac-aed1-ed3ce683b9e9', N'DefaultStreet', N'N0J1E0', N'DefaultSCity', N'1', N'DefaultFirst', N'DefaultLast', N'CAN', CAST(N'2020-12-08T02:49:59.233' AS DateTime), N'fa72925a-5f72-4537-98d2-9f8e7a5108bf', NULL, 1)
INSERT [dbo].[AddressMailing] ([mailingId], [street], [postalCode], [city], [apartmentNumber], [firstName], [lastName], [CountryCode], [lastModified], [userId], [ProvinceCode], [Archived]) VALUES (N'bb2ec807-0c81-4247-920d-f0ff876d5207', N'DefaultStreet', N'N0J1E0', N'DefaultCity', N'1', N'DefaultFirst', N'DefaultLast', N'CAN', CAST(N'2020-12-08T03:19:28.250' AS DateTime), N'fa72925a-5f72-4537-98d2-9f8e7a5108bf', NULL, 1)
INSERT [dbo].[AddressMailing] ([mailingId], [street], [postalCode], [city], [apartmentNumber], [firstName], [lastName], [CountryCode], [lastModified], [userId], [ProvinceCode], [Archived]) VALUES (N'f3dba7eb-0a66-4514-bee8-f2ac04f240f7', N'DefaultStreet', N'N0J1E0', N'DefaultSCity', N'1', N'DefaultFirst', N'DefaultLast', N'CAN', CAST(N'2020-12-08T02:50:09.237' AS DateTime), N'fa72925a-5f72-4537-98d2-9f8e7a5108bf', NULL, 1)
INSERT [dbo].[AddressMailing] ([mailingId], [street], [postalCode], [city], [apartmentNumber], [firstName], [lastName], [CountryCode], [lastModified], [userId], [ProvinceCode], [Archived]) VALUES (N'09d673dd-bf21-4cbe-b7fa-f3eed5dee153', N'DefaultStreet', N'N0J1E0', N'DefaultSCity', N'1', N'DefaultFirst', N'DefaultLast', N'CAN', CAST(N'2020-12-08T02:56:53.973' AS DateTime), N'fa72925a-5f72-4537-98d2-9f8e7a5108bf', NULL, 1)
INSERT [dbo].[AddressMailing] ([mailingId], [street], [postalCode], [city], [apartmentNumber], [firstName], [lastName], [CountryCode], [lastModified], [userId], [ProvinceCode], [Archived]) VALUES (N'274701be-e9d6-4c5d-ad2f-f9aae007acba', N'DefaultStreet', N'N0J1E0', N'DefaultSCity', N'1', N'DefaultFirst', N'DefaultLast', N'CAN', CAST(N'2020-12-08T00:30:04.407' AS DateTime), N'fa72925a-5f72-4537-98d2-9f8e7a5108bf', NULL, 1)
INSERT [dbo].[AddressMailing] ([mailingId], [street], [postalCode], [city], [apartmentNumber], [firstName], [lastName], [CountryCode], [lastModified], [userId], [ProvinceCode], [Archived]) VALUES (N'3e1de6eb-05b0-4be9-8b7b-fd05638631da', N'DefaultStreet', N'N0J1E0', N'DefaultCity', N'1', N'DefaultFirst', N'DefaultLast', N'CAN', CAST(N'2020-12-08T03:17:33.600' AS DateTime), N'00634eae-b68c-4285-aeed-4eea1484406f', NULL, 1)
INSERT [dbo].[AddressMailing] ([mailingId], [street], [postalCode], [city], [apartmentNumber], [firstName], [lastName], [CountryCode], [lastModified], [userId], [ProvinceCode], [Archived]) VALUES (N'dfbced74-e207-4b5d-85da-fdf2ea9a1c57', N'DefaultStreet', N'N0J1E0', N'DefaultSCity', N'1', N'DefaultFirst', N'DefaultLast', N'CAN', CAST(N'2020-12-08T01:46:47.163' AS DateTime), N'fa72925a-5f72-4537-98d2-9f8e7a5108bf', NULL, 1)
INSERT [dbo].[Order] ([Id], [userId], [shippingId], [mailingId], [isShipped], [dateCreated]) VALUES (N'6f158b52-aa12-42dd-a2c1-03892f93f478', N'aacffaee-6a26-440d-b8ae-ea7981b48e7c', N'4b4135fa-1599-43e1-9a93-70abf70fda4f', N'617262b6-7f24-45e3-91cf-05adc493b785', 1, CAST(N'2020-12-06T14:26:46.850' AS DateTime))
INSERT [dbo].[Order] ([Id], [userId], [shippingId], [mailingId], [isShipped], [dateCreated]) VALUES (N'4cb79726-e0d3-4120-b31d-06fba74514b4', N'fa72925a-5f72-4537-98d2-9f8e7a5108bf', N'46a1d455-02c3-498b-b9ee-56d06f6060d6', N'cf46ad29-b6d1-4528-a81e-3069b0947050', 1, CAST(N'2020-12-08T02:10:11.413' AS DateTime))
INSERT [dbo].[Order] ([Id], [userId], [shippingId], [mailingId], [isShipped], [dateCreated]) VALUES (N'4a89208e-cc8f-488f-a83d-09c93a294822', N'aacffaee-6a26-440d-b8ae-ea7981b48e7c', N'62329b08-e64f-40d6-9340-ee4c2af20ffa', N'617262b6-7f24-45e3-91cf-05adc493b785', 1, CAST(N'2020-12-06T15:36:49.630' AS DateTime))
INSERT [dbo].[Order] ([Id], [userId], [shippingId], [mailingId], [isShipped], [dateCreated]) VALUES (N'c4f1abad-1138-490e-90a9-13f71c774418', N'fa72925a-5f72-4537-98d2-9f8e7a5108bf', N'0aa2d71f-f5dc-4d89-b7bf-aacccb6e1bcb', N'22889032-6c5e-4c54-a125-4c6419df9e9c', 0, CAST(N'2020-12-08T03:05:54.737' AS DateTime))
INSERT [dbo].[Order] ([Id], [userId], [shippingId], [mailingId], [isShipped], [dateCreated]) VALUES (N'8eab98b9-84b9-44ce-acf8-14597a9e4076', N'fa72925a-5f72-4537-98d2-9f8e7a5108bf', N'03abf4a6-5c9c-4e25-b789-4bd97b832625', N'f3dba7eb-0a66-4514-bee8-f2ac04f240f7', 0, CAST(N'2020-12-08T02:50:11.997' AS DateTime))
INSERT [dbo].[Order] ([Id], [userId], [shippingId], [mailingId], [isShipped], [dateCreated]) VALUES (N'b7c5373b-4f29-435a-b4e4-14cabe69eadd', N'fa72925a-5f72-4537-98d2-9f8e7a5108bf', N'9a29fca4-bf74-455c-b30e-3a32569f8886', N'c9d3bff8-107a-4c7b-9c66-245d927cdaf3', 0, CAST(N'2020-12-08T03:03:00.243' AS DateTime))
INSERT [dbo].[Order] ([Id], [userId], [shippingId], [mailingId], [isShipped], [dateCreated]) VALUES (N'ff2a5929-f914-4a62-9663-155ee0f7855d', N'fa72925a-5f72-4537-98d2-9f8e7a5108bf', NULL, NULL, 1, CAST(N'2020-12-08T02:06:36.990' AS DateTime))
INSERT [dbo].[Order] ([Id], [userId], [shippingId], [mailingId], [isShipped], [dateCreated]) VALUES (N'ab0c9aca-fb1f-48ff-bac8-15b2257d5c60', N'aacffaee-6a26-440d-b8ae-ea7981b48e7c', N'62329b08-e64f-40d6-9340-ee4c2af20ffa', N'617262b6-7f24-45e3-91cf-05adc493b785', 1, CAST(N'2020-12-06T15:36:12.207' AS DateTime))
INSERT [dbo].[Order] ([Id], [userId], [shippingId], [mailingId], [isShipped], [dateCreated]) VALUES (N'261267f7-d9e1-4070-8d1c-184a71a223f0', N'aacffaee-6a26-440d-b8ae-ea7981b48e7c', N'62329b08-e64f-40d6-9340-ee4c2af20ffa', N'21eb80b6-2fe3-4996-b3fa-405d7b28c5c8', 1, CAST(N'2020-12-06T14:29:04.453' AS DateTime))
INSERT [dbo].[Order] ([Id], [userId], [shippingId], [mailingId], [isShipped], [dateCreated]) VALUES (N'f766b10f-70a8-4853-9988-1a2dccde0585', N'fa72925a-5f72-4537-98d2-9f8e7a5108bf', NULL, NULL, 1, CAST(N'2020-12-08T00:35:16.780' AS DateTime))
INSERT [dbo].[Order] ([Id], [userId], [shippingId], [mailingId], [isShipped], [dateCreated]) VALUES (N'432930cb-4d8d-4333-b1c4-1bd221f96eb1', N'aacffaee-6a26-440d-b8ae-ea7981b48e7c', NULL, NULL, 0, CAST(N'2020-12-07T00:26:51.803' AS DateTime))
INSERT [dbo].[Order] ([Id], [userId], [shippingId], [mailingId], [isShipped], [dateCreated]) VALUES (N'74a2adca-244d-4a5e-a695-23503a7ae3a5', N'fa72925a-5f72-4537-98d2-9f8e7a5108bf', N'530247a8-bca6-43c0-9f17-bede3bfd7a64', N'6bf2cee0-d134-4a9e-96ed-11325c8f004c', 1, CAST(N'2020-12-08T03:23:05.603' AS DateTime))
INSERT [dbo].[Order] ([Id], [userId], [shippingId], [mailingId], [isShipped], [dateCreated]) VALUES (N'e1f6b95c-12a5-41a3-93f5-29d9eb752962', N'fa72925a-5f72-4537-98d2-9f8e7a5108bf', N'673daa1f-1bee-4880-abaa-3ded52bdca78', N'afd69b02-dd93-422f-bbb7-d8675190f7a8', 1, CAST(N'2020-12-07T17:04:08.067' AS DateTime))
INSERT [dbo].[Order] ([Id], [userId], [shippingId], [mailingId], [isShipped], [dateCreated]) VALUES (N'73e1f4de-b793-4423-ae29-2b4df062eab5', N'c6920205-1cfb-485b-a3b8-3d723e61f4ba', N'062fed84-a4df-43f2-9659-861f038079dc', N'df6b19dc-0205-47ed-91cc-034f03ccfd0f', 1, CAST(N'2020-12-06T17:09:40.607' AS DateTime))
INSERT [dbo].[Order] ([Id], [userId], [shippingId], [mailingId], [isShipped], [dateCreated]) VALUES (N'777e90f7-4ad9-405a-934b-2b70a8ac509b', N'fa72925a-5f72-4537-98d2-9f8e7a5108bf', N'd9032078-bbf5-4368-92af-1826ee11b49f', N'a451af25-8568-4fa6-b200-09a9105101f7', 1, CAST(N'2020-12-08T03:20:08.170' AS DateTime))
INSERT [dbo].[Order] ([Id], [userId], [shippingId], [mailingId], [isShipped], [dateCreated]) VALUES (N'071f9773-ad2c-4525-a3ef-2d8c5b9996db', N'fa72925a-5f72-4537-98d2-9f8e7a5108bf', N'2c9024b9-db71-41b2-9ca5-aeb8b6fdd317', N'882c64f4-e722-4a66-a833-af453ce1a34a', 1, CAST(N'2020-12-08T03:06:18.980' AS DateTime))
INSERT [dbo].[Order] ([Id], [userId], [shippingId], [mailingId], [isShipped], [dateCreated]) VALUES (N'b3f5a3bf-8cca-4b3b-98a2-30b59349c3e2', N'fa72925a-5f72-4537-98d2-9f8e7a5108bf', NULL, NULL, 1, CAST(N'2020-12-08T02:04:06.550' AS DateTime))
INSERT [dbo].[Order] ([Id], [userId], [shippingId], [mailingId], [isShipped], [dateCreated]) VALUES (N'b46dce94-5ea7-4a30-b702-30f111f7da09', N'fa72925a-5f72-4537-98d2-9f8e7a5108bf', N'bf65cad0-aaeb-44ef-8f86-12da4e58cbdf', N'83f681c9-0302-4a7e-952a-7c8d65cbae6b', 1, CAST(N'2020-12-08T03:05:04.267' AS DateTime))
INSERT [dbo].[Order] ([Id], [userId], [shippingId], [mailingId], [isShipped], [dateCreated]) VALUES (N'5f01ff02-817a-4d3f-a3ce-3135ca6ea162', N'c6920205-1cfb-485b-a3b8-3d723e61f4ba', N'4b4135fa-1599-43e1-9a93-70abf70fda4f', N'617262b6-7f24-45e3-91cf-05adc493b785', 0, CAST(N'2020-12-06T15:51:05.663' AS DateTime))
INSERT [dbo].[Order] ([Id], [userId], [shippingId], [mailingId], [isShipped], [dateCreated]) VALUES (N'a40f7ee3-5bb9-4053-ac72-35815a2c00f7', N'fa72925a-5f72-4537-98d2-9f8e7a5108bf', N'ac96b723-39ef-4d09-86b3-bb49956c115c', N'71879a3a-487e-4377-9c7d-4a4c972befcf', 0, CAST(N'2020-12-08T03:23:15.953' AS DateTime))
INSERT [dbo].[Order] ([Id], [userId], [shippingId], [mailingId], [isShipped], [dateCreated]) VALUES (N'83404c94-e217-4546-9c3b-3a9ba9fdc77a', N'fa72925a-5f72-4537-98d2-9f8e7a5108bf', N'ed31b53d-19f3-429f-a6b8-18dfcc11fb55', N'416e026e-b4ce-4e66-85f5-4bf71df26087', 0, CAST(N'2020-12-08T02:59:41.557' AS DateTime))
INSERT [dbo].[Order] ([Id], [userId], [shippingId], [mailingId], [isShipped], [dateCreated]) VALUES (N'daa78c04-43d0-4a55-96a8-3ac9b5e59c8d', N'00634eae-b68c-4285-aeed-4eea1484406f', NULL, NULL, 1, CAST(N'2020-12-08T01:47:31.157' AS DateTime))
INSERT [dbo].[Order] ([Id], [userId], [shippingId], [mailingId], [isShipped], [dateCreated]) VALUES (N'951fa64c-80e5-4d49-846b-3bf5e61ba05d', N'aacffaee-6a26-440d-b8ae-ea7981b48e7c', N'62329b08-e64f-40d6-9340-ee4c2af20ffa', N'617262b6-7f24-45e3-91cf-05adc493b785', 1, CAST(N'2020-12-06T15:55:48.590' AS DateTime))
INSERT [dbo].[Order] ([Id], [userId], [shippingId], [mailingId], [isShipped], [dateCreated]) VALUES (N'86a8941e-c083-4fa7-b6ad-40f68b9762ec', N'fa72925a-5f72-4537-98d2-9f8e7a5108bf', NULL, NULL, 1, CAST(N'2020-12-08T02:59:21.643' AS DateTime))
INSERT [dbo].[Order] ([Id], [userId], [shippingId], [mailingId], [isShipped], [dateCreated]) VALUES (N'4cca7be7-3fd7-4b64-8006-41554593c180', N'fa72925a-5f72-4537-98d2-9f8e7a5108bf', NULL, NULL, 1, CAST(N'2020-12-08T03:22:54.287' AS DateTime))
INSERT [dbo].[Order] ([Id], [userId], [shippingId], [mailingId], [isShipped], [dateCreated]) VALUES (N'eef7e0ff-320d-4f7c-b6cd-4664b4f43e65', N'fa72925a-5f72-4537-98d2-9f8e7a5108bf', NULL, NULL, 1, CAST(N'2020-12-08T03:19:58.730' AS DateTime))
INSERT [dbo].[Order] ([Id], [userId], [shippingId], [mailingId], [isShipped], [dateCreated]) VALUES (N'fb580d46-f278-4011-9514-498de0225a0e', N'aacffaee-6a26-440d-b8ae-ea7981b48e7c', N'62329b08-e64f-40d6-9340-ee4c2af20ffa', N'617262b6-7f24-45e3-91cf-05adc493b785', 1, CAST(N'2020-12-06T15:02:13.870' AS DateTime))
INSERT [dbo].[Order] ([Id], [userId], [shippingId], [mailingId], [isShipped], [dateCreated]) VALUES (N'bd466e6d-9530-4fb8-abb5-4aa754eb1c62', N'fa72925a-5f72-4537-98d2-9f8e7a5108bf', N'45b6c233-ef0d-439c-bc3b-65b9def8794d', N'fbee8aa9-c8e0-4756-a1c4-d847a36d24ff', 0, CAST(N'2020-12-08T02:53:12.403' AS DateTime))
INSERT [dbo].[Order] ([Id], [userId], [shippingId], [mailingId], [isShipped], [dateCreated]) VALUES (N'0768feac-f6a1-48a5-bdde-4fd1e3119b96', N'fa72925a-5f72-4537-98d2-9f8e7a5108bf', N'83e5078d-a0a6-4167-af5b-861f04963717', N'6ce8614e-c224-4d92-94fc-9e4ca1ef0745', 1, CAST(N'2020-12-08T03:08:18.160' AS DateTime))
INSERT [dbo].[Order] ([Id], [userId], [shippingId], [mailingId], [isShipped], [dateCreated]) VALUES (N'f6e2cf31-e876-4a1e-bffa-5c9bb92a2c86', N'fa72925a-5f72-4537-98d2-9f8e7a5108bf', N'7af46840-651b-433d-94f4-55884ff5a9ef', N'2789c3b1-f495-43f1-9f5f-4eec72a9bebe', 1, CAST(N'2020-12-08T02:09:20.550' AS DateTime))
INSERT [dbo].[Order] ([Id], [userId], [shippingId], [mailingId], [isShipped], [dateCreated]) VALUES (N'7a327683-36d3-4882-9a65-625246661b2e', N'fa72925a-5f72-4537-98d2-9f8e7a5108bf', N'a163778d-cf3a-40ac-b8c5-5c400e4757b5', N'c54c3cc5-2b4e-49de-94e6-c540fdf38b56', 1, CAST(N'2020-12-08T02:06:54.590' AS DateTime))
INSERT [dbo].[Order] ([Id], [userId], [shippingId], [mailingId], [isShipped], [dateCreated]) VALUES (N'4005d724-20dc-4b08-8768-625c6f5b7d7b', N'fa72925a-5f72-4537-98d2-9f8e7a5108bf', N'ce3d1c3f-609e-44b6-9385-6230d5d72a31', N'f0f9a0d3-3a1e-4f89-8352-26d6f84f5b5a', 1, CAST(N'2020-12-08T03:22:32.600' AS DateTime))
INSERT [dbo].[Order] ([Id], [userId], [shippingId], [mailingId], [isShipped], [dateCreated]) VALUES (N'7a60de05-2149-4906-87e3-6d12460cb6c5', N'fa72925a-5f72-4537-98d2-9f8e7a5108bf', N'1517f3a3-b254-4b08-b798-68e9105784e0', N'18210742-2a22-4ac8-b622-7795a7e46e89', 1, CAST(N'2020-12-08T02:07:36.497' AS DateTime))
INSERT [dbo].[Order] ([Id], [userId], [shippingId], [mailingId], [isShipped], [dateCreated]) VALUES (N'f1ec2de8-9d13-42b0-844c-72c38c028a54', N'fa72925a-5f72-4537-98d2-9f8e7a5108bf', N'2ddc1704-4b80-44e2-b510-e9a722ca5b0c', N'fdd3a1bf-0509-4b97-aa7f-e3aad7efe22f', 0, CAST(N'2020-12-08T02:49:30.920' AS DateTime))
INSERT [dbo].[Order] ([Id], [userId], [shippingId], [mailingId], [isShipped], [dateCreated]) VALUES (N'ed873cdd-a8e9-4b1f-86d9-7dc9f2b5d9a5', N'fa72925a-5f72-4537-98d2-9f8e7a5108bf', N'6b353015-0493-4e6f-88dd-f83ccafa4d3b', N'09d673dd-bf21-4cbe-b7fa-f3eed5dee153', 0, CAST(N'2020-12-08T02:58:40.050' AS DateTime))
INSERT [dbo].[Order] ([Id], [userId], [shippingId], [mailingId], [isShipped], [dateCreated]) VALUES (N'5a2429de-e903-4382-94fe-89813ec126fc', N'fa72925a-5f72-4537-98d2-9f8e7a5108bf', N'34f57eb2-28d0-49f0-87f1-ebcaea80a628', N'682fb7a9-3e95-44bd-b16c-3a0f328d14ae', 0, CAST(N'2020-12-08T02:44:09.833' AS DateTime))
INSERT [dbo].[Order] ([Id], [userId], [shippingId], [mailingId], [isShipped], [dateCreated]) VALUES (N'3ce623d3-5fbc-458b-b503-8a812f9b26cc', N'fa72925a-5f72-4537-98d2-9f8e7a5108bf', NULL, NULL, 1, CAST(N'2020-12-08T02:55:25.903' AS DateTime))
INSERT [dbo].[Order] ([Id], [userId], [shippingId], [mailingId], [isShipped], [dateCreated]) VALUES (N'e8c24556-b3bc-4db9-a7a5-8b064cc487b4', N'fa72925a-5f72-4537-98d2-9f8e7a5108bf', NULL, NULL, 1, CAST(N'2020-12-07T20:20:33.007' AS DateTime))
INSERT [dbo].[Order] ([Id], [userId], [shippingId], [mailingId], [isShipped], [dateCreated]) VALUES (N'41e4084f-5998-463a-bbfa-918fa03e5351', N'fa72925a-5f72-4537-98d2-9f8e7a5108bf', NULL, NULL, 1, CAST(N'2020-12-08T02:53:25.613' AS DateTime))
INSERT [dbo].[Order] ([Id], [userId], [shippingId], [mailingId], [isShipped], [dateCreated]) VALUES (N'081996b1-35eb-428d-ba57-91efa2b8610b', N'c6920205-1cfb-485b-a3b8-3d723e61f4ba', N'062fed84-a4df-43f2-9659-861f038079dc', N'df6b19dc-0205-47ed-91cc-034f03ccfd0f', 0, CAST(N'2020-12-06T17:43:29.237' AS DateTime))
INSERT [dbo].[Order] ([Id], [userId], [shippingId], [mailingId], [isShipped], [dateCreated]) VALUES (N'9fc97ebc-3c50-45d0-9a43-949a35abbde9', N'aacffaee-6a26-440d-b8ae-ea7981b48e7c', N'4b4135fa-1599-43e1-9a93-70abf70fda4f', N'617262b6-7f24-45e3-91cf-05adc493b785', 1, CAST(N'2020-12-06T14:34:57.063' AS DateTime))
INSERT [dbo].[Order] ([Id], [userId], [shippingId], [mailingId], [isShipped], [dateCreated]) VALUES (N'b5e87574-058a-45a7-83ee-97119ad9153e', N'fa72925a-5f72-4537-98d2-9f8e7a5108bf', N'795dea19-64e0-4847-8cf7-f6c2ff452a0c', N'93a10892-e07b-498c-b946-555f51d7840b', 0, CAST(N'2020-12-08T02:45:20.493' AS DateTime))
INSERT [dbo].[Order] ([Id], [userId], [shippingId], [mailingId], [isShipped], [dateCreated]) VALUES (N'1a0db17d-3ff3-407d-a572-9a43ceaf94e4', N'fa72925a-5f72-4537-98d2-9f8e7a5108bf', NULL, NULL, 1, CAST(N'2020-12-08T03:05:26.133' AS DateTime))
INSERT [dbo].[Order] ([Id], [userId], [shippingId], [mailingId], [isShipped], [dateCreated]) VALUES (N'8679114f-a5cc-4a19-92ac-a8005a854a4d', N'fa72925a-5f72-4537-98d2-9f8e7a5108bf', N'c45a06e6-1753-415b-bceb-c4d1fcc22d68', N'743b5a41-6288-4e30-8cf7-bf64eb0c7552', 1, CAST(N'2020-12-08T02:36:06.660' AS DateTime))
INSERT [dbo].[Order] ([Id], [userId], [shippingId], [mailingId], [isShipped], [dateCreated]) VALUES (N'97b29912-3e67-4366-b532-aae990d9375a', N'fa72925a-5f72-4537-98d2-9f8e7a5108bf', N'fb558564-dc8d-4f4c-a784-c7ed2e782bba', N'5fd80339-1c3e-48b7-982f-da3404210fb2', 1, CAST(N'2020-12-08T02:10:02.340' AS DateTime))
INSERT [dbo].[Order] ([Id], [userId], [shippingId], [mailingId], [isShipped], [dateCreated]) VALUES (N'0022a815-395f-40e9-8014-ad32fbaa3e06', N'fa72925a-5f72-4537-98d2-9f8e7a5108bf', N'ba2cdc01-2e1f-4cfc-9ba6-bfb494df95ec', N'f32bae57-4616-4fa7-ac64-0f01a2324aab', 1, CAST(N'2020-12-08T01:47:16.817' AS DateTime))
INSERT [dbo].[Order] ([Id], [userId], [shippingId], [mailingId], [isShipped], [dateCreated]) VALUES (N'22c6b1aa-ff10-4353-b239-aeb893dfa855', N'ad1ddb9a-239c-4eab-af2b-dfa3ae055def', N'675653a3-b795-48b7-8da9-a7d32b19338b', N'd1bd9e04-07d0-40cb-bb4e-b43d84c2f90c', 1, CAST(N'2020-12-08T17:17:21.203' AS DateTime))
INSERT [dbo].[Order] ([Id], [userId], [shippingId], [mailingId], [isShipped], [dateCreated]) VALUES (N'6e30c6fc-a310-4a72-b521-b6a1722b1a12', N'aacffaee-6a26-440d-b8ae-ea7981b48e7c', N'62329b08-e64f-40d6-9340-ee4c2af20ffa', N'21eb80b6-2fe3-4996-b3fa-405d7b28c5c8', 1, CAST(N'2020-12-06T15:39:21.330' AS DateTime))
INSERT [dbo].[Order] ([Id], [userId], [shippingId], [mailingId], [isShipped], [dateCreated]) VALUES (N'73630997-6c2d-42e8-98b4-b941135c66a2', N'c6920205-1cfb-485b-a3b8-3d723e61f4ba', N'062fed84-a4df-43f2-9659-861f038079dc', N'df6b19dc-0205-47ed-91cc-034f03ccfd0f', 0, CAST(N'2020-12-06T23:17:11.547' AS DateTime))
INSERT [dbo].[Order] ([Id], [userId], [shippingId], [mailingId], [isShipped], [dateCreated]) VALUES (N'4bea6c20-866e-4262-b159-ba5a85637f44', N'fa72925a-5f72-4537-98d2-9f8e7a5108bf', N'3a1436d5-d500-4388-8ecc-b44f72e92298', N'c70c0a93-8982-402d-89a0-8e0fef23e7d5', 1, CAST(N'2020-12-08T00:49:48.300' AS DateTime))
INSERT [dbo].[Order] ([Id], [userId], [shippingId], [mailingId], [isShipped], [dateCreated]) VALUES (N'676e4365-a0c8-465b-9193-c0e5233aeb2c', N'aacffaee-6a26-440d-b8ae-ea7981b48e7c', NULL, NULL, 1, CAST(N'2020-12-06T17:54:29.147' AS DateTime))
INSERT [dbo].[Order] ([Id], [userId], [shippingId], [mailingId], [isShipped], [dateCreated]) VALUES (N'22aaf691-d5dc-49f6-ae27-c871f66c7565', N'fa72925a-5f72-4537-98d2-9f8e7a5108bf', NULL, NULL, 1, CAST(N'2020-12-08T02:49:52.377' AS DateTime))
INSERT [dbo].[Order] ([Id], [userId], [shippingId], [mailingId], [isShipped], [dateCreated]) VALUES (N'c64f6db8-feaa-4aca-9de9-ceb775f1ca30', N'fa72925a-5f72-4537-98d2-9f8e7a5108bf', N'aed207ce-4494-4644-8f26-3bfacdbca861', N'11784181-edb7-4b04-93b6-1ad8de5272f0', 0, CAST(N'2020-12-08T02:36:26.063' AS DateTime))
INSERT [dbo].[Order] ([Id], [userId], [shippingId], [mailingId], [isShipped], [dateCreated]) VALUES (N'1b9042c3-7db6-4ab7-8100-d09fdf70a809', N'fa72925a-5f72-4537-98d2-9f8e7a5108bf', NULL, NULL, 1, CAST(N'2020-12-08T01:47:07.583' AS DateTime))
INSERT [dbo].[Order] ([Id], [userId], [shippingId], [mailingId], [isShipped], [dateCreated]) VALUES (N'd4c927b3-0eb0-4507-840e-db0c89fa6c44', N'fa72925a-5f72-4537-98d2-9f8e7a5108bf', N'16935bb1-19ee-4d3d-8f59-5f3a73e8c78e', N'cefc3b82-7df4-4c8f-8361-785c88fe26b6', 1, CAST(N'2020-12-08T02:43:50.143' AS DateTime))
INSERT [dbo].[Order] ([Id], [userId], [shippingId], [mailingId], [isShipped], [dateCreated]) VALUES (N'4cc471eb-14c6-4e44-ace2-dec4dea325ae', N'fa72925a-5f72-4537-98d2-9f8e7a5108bf', N'314038bf-17c9-429f-9faa-933d0f8fce52', N'6cfb2e2c-5854-4bf3-9c58-056afeb95ec7', 0, CAST(N'2020-12-08T02:35:46.663' AS DateTime))
INSERT [dbo].[Order] ([Id], [userId], [shippingId], [mailingId], [isShipped], [dateCreated]) VALUES (N'd62263f7-4d3a-4909-b1b6-e01fdb07a31e', N'fa72925a-5f72-4537-98d2-9f8e7a5108bf', NULL, NULL, 1, CAST(N'2020-12-08T02:02:02.383' AS DateTime))
INSERT [dbo].[Order] ([Id], [userId], [shippingId], [mailingId], [isShipped], [dateCreated]) VALUES (N'056df029-d38c-4059-9aaf-e5ca0d930049', N'aacffaee-6a26-440d-b8ae-ea7981b48e7c', NULL, NULL, 1, CAST(N'2020-12-06T17:53:58.697' AS DateTime))
INSERT [dbo].[Order] ([Id], [userId], [shippingId], [mailingId], [isShipped], [dateCreated]) VALUES (N'7ed65fd6-5860-4e7d-abf7-e72ddc496f57', N'fa72925a-5f72-4537-98d2-9f8e7a5108bf', N'eaeb8c39-070e-42fb-968e-b6248012cdbd', N'00b7e60b-388a-4018-b4d5-42da40793b5d', 0, CAST(N'2020-12-08T02:59:12.713' AS DateTime))
INSERT [dbo].[Order] ([Id], [userId], [shippingId], [mailingId], [isShipped], [dateCreated]) VALUES (N'cd747000-a2ad-4424-a801-e734838b6c10', N'fa72925a-5f72-4537-98d2-9f8e7a5108bf', N'457d10a8-18f7-4cba-b2eb-8997d49f646e', N'4f7e2365-286f-474b-b85f-284ce22fff7e', 1, CAST(N'2020-12-08T02:06:45.720' AS DateTime))
INSERT [dbo].[Order] ([Id], [userId], [shippingId], [mailingId], [isShipped], [dateCreated]) VALUES (N'1258d30e-9085-4eb2-8e69-e914d3c2306f', N'fa72925a-5f72-4537-98d2-9f8e7a5108bf', N'616b8b77-4049-4058-b98e-c4bbc01fb0ab', N'd1c71521-8317-4c64-bb2f-d9a6e5b035ad', 1, CAST(N'2020-12-08T03:09:10.533' AS DateTime))
INSERT [dbo].[Order] ([Id], [userId], [shippingId], [mailingId], [isShipped], [dateCreated]) VALUES (N'661c2914-fcd7-4dc8-b86e-f2e1fe8c7d97', N'fa72925a-5f72-4537-98d2-9f8e7a5108bf', N'd15076e4-fea5-4ad9-9c51-c42ab98bc883', N'cb5f0676-62b8-4598-966b-160efb286a3a', 0, CAST(N'2020-12-08T02:53:44.507' AS DateTime))
INSERT [dbo].[Order] ([Id], [userId], [shippingId], [mailingId], [isShipped], [dateCreated]) VALUES (N'c5284441-9c7b-4641-93a9-f5bb9351e6ef', N'fa72925a-5f72-4537-98d2-9f8e7a5108bf', N'295b4c87-c5c7-441a-883e-f317909f5d6b', N'b5fd4269-bbed-47bb-8b89-bf2cd581b527', 1, CAST(N'2020-12-08T03:20:17.827' AS DateTime))
INSERT [dbo].[Order] ([Id], [userId], [shippingId], [mailingId], [isShipped], [dateCreated]) VALUES (N'742be155-4bad-4c5b-8525-fd9da48af88f', N'fa72925a-5f72-4537-98d2-9f8e7a5108bf', N'47fc3e3b-67d8-4fe7-9eda-78f1183c9373', N'e205cb49-4d80-49e8-a2df-6e0c18e0ca34', 0, CAST(N'2020-12-08T02:43:31.720' AS DateTime))
INSERT [dbo].[CategoryPreference] ([userId], [gamecategoryId], [lastModified]) VALUES (N'3fb424e2-3bc6-4fc9-8104-f600b79cab56', 1, CAST(N'2020-12-04T18:07:35.967' AS DateTime))
INSERT [dbo].[CategoryPreference] ([userId], [gamecategoryId], [lastModified]) VALUES (N'3fb424e2-3bc6-4fc9-8104-f600b79cab56', 2, CAST(N'2020-12-04T18:07:38.923' AS DateTime))
INSERT [dbo].[CategoryPreference] ([userId], [gamecategoryId], [lastModified]) VALUES (N'3fb424e2-3bc6-4fc9-8104-f600b79cab56', 3, CAST(N'2020-12-04T18:07:41.953' AS DateTime))
INSERT [dbo].[CategoryPreference] ([userId], [gamecategoryId], [lastModified]) VALUES (N'3fb424e2-3bc6-4fc9-8104-f600b79cab56', 4, CAST(N'2020-12-04T18:08:13.200' AS DateTime))
INSERT [dbo].[CategoryPreference] ([userId], [gamecategoryId], [lastModified]) VALUES (N'3fb424e2-3bc6-4fc9-8104-f600b79cab56', 5, CAST(N'2020-12-04T18:08:16.170' AS DateTime))
INSERT [dbo].[CategoryPreference] ([userId], [gamecategoryId], [lastModified]) VALUES (N'3fb424e2-3bc6-4fc9-8104-f600b79cab56', 6, CAST(N'2020-12-04T18:34:45.497' AS DateTime))
INSERT [dbo].[CategoryPreference] ([userId], [gamecategoryId], [lastModified]) VALUES (N'3fb424e2-3bc6-4fc9-8104-f600b79cab56', 7, CAST(N'2020-12-04T18:08:22.203' AS DateTime))
INSERT [dbo].[CategoryPreference] ([userId], [gamecategoryId], [lastModified]) VALUES (N'3fb424e2-3bc6-4fc9-8104-f600b79cab56', 8, CAST(N'2020-12-04T18:08:24.867' AS DateTime))
INSERT [dbo].[CategoryPreference] ([userId], [gamecategoryId], [lastModified]) VALUES (N'3fb424e2-3bc6-4fc9-8104-f600b79cab56', 9, CAST(N'2020-12-04T18:08:27.540' AS DateTime))
INSERT [dbo].[CategoryPreference] ([userId], [gamecategoryId], [lastModified]) VALUES (N'ad1ddb9a-239c-4eab-af2b-dfa3ae055def', 8, CAST(N'2020-12-08T17:11:27.477' AS DateTime))
INSERT [dbo].[SubCategoryPreference] ([userId], [gameSubcategoryId], [lastModified]) VALUES (N'3fb424e2-3bc6-4fc9-8104-f600b79cab56', 1, CAST(N'2020-12-04T18:07:55.047' AS DateTime))
INSERT [dbo].[SubCategoryPreference] ([userId], [gameSubcategoryId], [lastModified]) VALUES (N'3fb424e2-3bc6-4fc9-8104-f600b79cab56', 2, CAST(N'2020-12-04T18:07:45.150' AS DateTime))
INSERT [dbo].[SubCategoryPreference] ([userId], [gameSubcategoryId], [lastModified]) VALUES (N'3fb424e2-3bc6-4fc9-8104-f600b79cab56', 3, CAST(N'2020-12-04T18:07:46.950' AS DateTime))
INSERT [dbo].[SubCategoryPreference] ([userId], [gameSubcategoryId], [lastModified]) VALUES (N'3fb424e2-3bc6-4fc9-8104-f600b79cab56', 4, CAST(N'2020-12-04T18:07:50.967' AS DateTime))
INSERT [dbo].[SubCategoryPreference] ([userId], [gameSubcategoryId], [lastModified]) VALUES (N'3fb424e2-3bc6-4fc9-8104-f600b79cab56', 5, CAST(N'2020-12-04T18:07:57.060' AS DateTime))
INSERT [dbo].[SubCategoryPreference] ([userId], [gameSubcategoryId], [lastModified]) VALUES (N'3fb424e2-3bc6-4fc9-8104-f600b79cab56', 6, CAST(N'2020-12-04T18:07:58.950' AS DateTime))
INSERT [dbo].[SubCategoryPreference] ([userId], [gameSubcategoryId], [lastModified]) VALUES (N'3fb424e2-3bc6-4fc9-8104-f600b79cab56', 7, CAST(N'2020-12-04T18:08:00.823' AS DateTime))
INSERT [dbo].[SubCategoryPreference] ([userId], [gameSubcategoryId], [lastModified]) VALUES (N'3fb424e2-3bc6-4fc9-8104-f600b79cab56', 8, CAST(N'2020-12-04T18:08:02.723' AS DateTime))
INSERT [dbo].[SubCategoryPreference] ([userId], [gameSubcategoryId], [lastModified]) VALUES (N'3fb424e2-3bc6-4fc9-8104-f600b79cab56', 9, CAST(N'2020-12-04T18:08:04.407' AS DateTime))
INSERT [dbo].[SubCategoryPreference] ([userId], [gameSubcategoryId], [lastModified]) VALUES (N'3fb424e2-3bc6-4fc9-8104-f600b79cab56', 10, CAST(N'2020-12-04T18:08:06.230' AS DateTime))
INSERT [dbo].[SubCategoryPreference] ([userId], [gameSubcategoryId], [lastModified]) VALUES (N'3fb424e2-3bc6-4fc9-8104-f600b79cab56', 11, CAST(N'2020-12-04T18:08:08.067' AS DateTime))
INSERT [dbo].[SubCategoryPreference] ([userId], [gameSubcategoryId], [lastModified]) VALUES (N'3fb424e2-3bc6-4fc9-8104-f600b79cab56', 12, CAST(N'2020-12-04T18:08:10.407' AS DateTime))
INSERT [dbo].[SubCategoryPreference] ([userId], [gameSubcategoryId], [lastModified]) VALUES (N'3fb424e2-3bc6-4fc9-8104-f600b79cab56', 13, CAST(N'2020-12-04T18:08:30.927' AS DateTime))
INSERT [dbo].[SubCategoryPreference] ([userId], [gameSubcategoryId], [lastModified]) VALUES (N'3fb424e2-3bc6-4fc9-8104-f600b79cab56', 14, CAST(N'2020-12-04T18:08:32.880' AS DateTime))
INSERT [dbo].[SubCategoryPreference] ([userId], [gameSubcategoryId], [lastModified]) VALUES (N'3fb424e2-3bc6-4fc9-8104-f600b79cab56', 15, CAST(N'2020-12-04T18:08:35.560' AS DateTime))
INSERT [dbo].[SubCategoryPreference] ([userId], [gameSubcategoryId], [lastModified]) VALUES (N'3fb424e2-3bc6-4fc9-8104-f600b79cab56', 16, CAST(N'2020-12-04T18:08:38.073' AS DateTime))
INSERT [dbo].[SubCategoryPreference] ([userId], [gameSubcategoryId], [lastModified]) VALUES (N'3fb424e2-3bc6-4fc9-8104-f600b79cab56', 17, CAST(N'2020-12-04T18:08:40.053' AS DateTime))
INSERT [dbo].[SubCategoryPreference] ([userId], [gameSubcategoryId], [lastModified]) VALUES (N'3fb424e2-3bc6-4fc9-8104-f600b79cab56', 18, CAST(N'2020-12-04T18:08:41.990' AS DateTime))
INSERT [dbo].[SubCategoryPreference] ([userId], [gameSubcategoryId], [lastModified]) VALUES (N'3fb424e2-3bc6-4fc9-8104-f600b79cab56', 19, CAST(N'2020-12-04T18:08:44.020' AS DateTime))
INSERT [dbo].[SubCategoryPreference] ([userId], [gameSubcategoryId], [lastModified]) VALUES (N'3fb424e2-3bc6-4fc9-8104-f600b79cab56', 20, CAST(N'2020-12-04T18:08:45.947' AS DateTime))
INSERT [dbo].[SubCategoryPreference] ([userId], [gameSubcategoryId], [lastModified]) VALUES (N'3fb424e2-3bc6-4fc9-8104-f600b79cab56', 21, CAST(N'2020-12-04T18:08:48.280' AS DateTime))
INSERT [dbo].[SubCategoryPreference] ([userId], [gameSubcategoryId], [lastModified]) VALUES (N'3fb424e2-3bc6-4fc9-8104-f600b79cab56', 22, CAST(N'2020-12-04T18:34:46.510' AS DateTime))
INSERT [dbo].[SubCategoryPreference] ([userId], [gameSubcategoryId], [lastModified]) VALUES (N'3fb424e2-3bc6-4fc9-8104-f600b79cab56', 23, CAST(N'2020-12-04T18:34:46.943' AS DateTime))
INSERT [dbo].[SubCategoryPreference] ([userId], [gameSubcategoryId], [lastModified]) VALUES (N'3fb424e2-3bc6-4fc9-8104-f600b79cab56', 24, CAST(N'2020-12-04T18:34:47.423' AS DateTime))
INSERT [dbo].[SubCategoryPreference] ([userId], [gameSubcategoryId], [lastModified]) VALUES (N'3fb424e2-3bc6-4fc9-8104-f600b79cab56', 25, CAST(N'2020-12-04T18:34:47.923' AS DateTime))
INSERT [dbo].[SubCategoryPreference] ([userId], [gameSubcategoryId], [lastModified]) VALUES (N'3fb424e2-3bc6-4fc9-8104-f600b79cab56', 26, CAST(N'2020-12-04T18:34:48.447' AS DateTime))
INSERT [dbo].[SubCategoryPreference] ([userId], [gameSubcategoryId], [lastModified]) VALUES (N'ad1ddb9a-239c-4eab-af2b-dfa3ae055def', 18, CAST(N'2020-12-08T17:11:37.847' AS DateTime))
INSERT [dbo].[Platform] ([Code], [EnglishName], [FrenchName]) VALUES (N'DS        ', N'Nintentdo DS', N'Nintentdo DS')
INSERT [dbo].[Platform] ([Code], [EnglishName], [FrenchName]) VALUES (N'PC        ', N'Personal Computer Games', N'Jeux d''ordinateur personnel')
INSERT [dbo].[Platform] ([Code], [EnglishName], [FrenchName]) VALUES (N'PS1       ', N'Sony PlayStation 1', N'Sony PlayStation 1')
INSERT [dbo].[Platform] ([Code], [EnglishName], [FrenchName]) VALUES (N'PS2       ', N'Sony PlayStation 2', N'Sony PlayStation 2')
INSERT [dbo].[Platform] ([Code], [EnglishName], [FrenchName]) VALUES (N'PS3       ', N'Sony PlayStation 3', N'Sony PlayStation 3')
INSERT [dbo].[Platform] ([Code], [EnglishName], [FrenchName]) VALUES (N'PSP       ', N'Sony PlayStation Portable', N'Sony PlayStation Portable')
INSERT [dbo].[Platform] ([Code], [EnglishName], [FrenchName]) VALUES (N'SNES      ', N'Super Nintendo Entertainment System', N'Super Nintendo Entertainment System')
INSERT [dbo].[Platform] ([Code], [EnglishName], [FrenchName]) VALUES (N'Wii       ', N'Nintendo Wii', N'Nintendo Wii')
INSERT [dbo].[Platform] ([Code], [EnglishName], [FrenchName]) VALUES (N'XBox 360  ', N'Microsoft XBox 360', N'Microsoft XBox 360')
INSERT [dbo].[PlatformPreference] ([userId], [platformCode], [lastModified]) VALUES (N'3fb424e2-3bc6-4fc9-8104-f600b79cab56', N'DS        ', CAST(N'2020-12-04T18:07:19.907' AS DateTime))
INSERT [dbo].[PlatformPreference] ([userId], [platformCode], [lastModified]) VALUES (N'3fb424e2-3bc6-4fc9-8104-f600b79cab56', N'PC        ', CAST(N'2020-12-04T18:07:21.377' AS DateTime))
INSERT [dbo].[PlatformPreference] ([userId], [platformCode], [lastModified]) VALUES (N'3fb424e2-3bc6-4fc9-8104-f600b79cab56', N'PS1       ', CAST(N'2020-12-04T18:07:23.000' AS DateTime))
INSERT [dbo].[PlatformPreference] ([userId], [platformCode], [lastModified]) VALUES (N'3fb424e2-3bc6-4fc9-8104-f600b79cab56', N'PS2       ', CAST(N'2020-12-04T18:07:24.063' AS DateTime))
INSERT [dbo].[PlatformPreference] ([userId], [platformCode], [lastModified]) VALUES (N'3fb424e2-3bc6-4fc9-8104-f600b79cab56', N'PS3       ', CAST(N'2020-12-04T18:34:45.980' AS DateTime))
INSERT [dbo].[PlatformPreference] ([userId], [platformCode], [lastModified]) VALUES (N'3fb424e2-3bc6-4fc9-8104-f600b79cab56', N'PSP       ', CAST(N'2020-12-04T18:07:26.750' AS DateTime))
INSERT [dbo].[PlatformPreference] ([userId], [platformCode], [lastModified]) VALUES (N'3fb424e2-3bc6-4fc9-8104-f600b79cab56', N'SNES      ', CAST(N'2020-12-04T18:07:28.900' AS DateTime))
INSERT [dbo].[PlatformPreference] ([userId], [platformCode], [lastModified]) VALUES (N'3fb424e2-3bc6-4fc9-8104-f600b79cab56', N'Wii       ', CAST(N'2020-12-04T18:07:31.210' AS DateTime))
INSERT [dbo].[PlatformPreference] ([userId], [platformCode], [lastModified]) VALUES (N'3fb424e2-3bc6-4fc9-8104-f600b79cab56', N'XBox 360  ', CAST(N'2020-12-04T18:07:33.600' AS DateTime))
INSERT [dbo].[PlatformPreference] ([userId], [platformCode], [lastModified]) VALUES (N'ad1ddb9a-239c-4eab-af2b-dfa3ae055def', N'PC        ', CAST(N'2020-12-08T17:11:20.603' AS DateTime))
INSERT [dbo].[OrderItem] ([orderId], [gameId], [GameFormatCode], [quantity], [lastModified]) VALUES (N'6f158b52-aa12-42dd-a2c1-03892f93f478', N'd4bf60e0-e178-11dd-ad8b-0800200c9a66', N'D', 5, CAST(N'2020-12-06T14:26:46.867' AS DateTime))
INSERT [dbo].[OrderItem] ([orderId], [gameId], [GameFormatCode], [quantity], [lastModified]) VALUES (N'6f158b52-aa12-42dd-a2c1-03892f93f478', N'5045d14b-21ca-415e-82fa-165f782a7e9c', N'P', 3, CAST(N'2020-12-06T14:26:46.867' AS DateTime))
INSERT [dbo].[OrderItem] ([orderId], [gameId], [GameFormatCode], [quantity], [lastModified]) VALUES (N'6f158b52-aa12-42dd-a2c1-03892f93f478', N'378b6fb9-3966-4f3a-8bc9-1760e8a93023', N'D', 1, CAST(N'2020-12-06T14:26:46.863' AS DateTime))
INSERT [dbo].[OrderItem] ([orderId], [gameId], [GameFormatCode], [quantity], [lastModified]) VALUES (N'4cb79726-e0d3-4120-b31d-06fba74514b4', N'd4bf60e0-e178-11dd-ad8b-0800200c9a66', N'D', 1, CAST(N'2020-12-08T02:10:11.420' AS DateTime))
INSERT [dbo].[OrderItem] ([orderId], [gameId], [GameFormatCode], [quantity], [lastModified]) VALUES (N'4a89208e-cc8f-488f-a83d-09c93a294822', N'5045d14b-21ca-415e-82fa-165f782a7e9c', N'P', 1, CAST(N'2020-12-06T15:36:49.647' AS DateTime))
INSERT [dbo].[OrderItem] ([orderId], [gameId], [GameFormatCode], [quantity], [lastModified]) VALUES (N'4a89208e-cc8f-488f-a83d-09c93a294822', N'b4162ae7-8f83-45f2-a1ec-c94563211dad', N'D', 1, CAST(N'2020-12-06T15:36:49.643' AS DateTime))
INSERT [dbo].[OrderItem] ([orderId], [gameId], [GameFormatCode], [quantity], [lastModified]) VALUES (N'c4f1abad-1138-490e-90a9-13f71c774418', N'd4bf60e0-e178-11dd-ad8b-0800200c9a66', N'P', 1, CAST(N'2020-12-08T03:05:54.750' AS DateTime))
INSERT [dbo].[OrderItem] ([orderId], [gameId], [GameFormatCode], [quantity], [lastModified]) VALUES (N'8eab98b9-84b9-44ce-acf8-14597a9e4076', N'd4bf60e0-e178-11dd-ad8b-0800200c9a66', N'P', 1, CAST(N'2020-12-08T02:50:12.013' AS DateTime))
INSERT [dbo].[OrderItem] ([orderId], [gameId], [GameFormatCode], [quantity], [lastModified]) VALUES (N'b7c5373b-4f29-435a-b4e4-14cabe69eadd', N'd4bf60e0-e178-11dd-ad8b-0800200c9a66', N'P', 1, CAST(N'2020-12-08T03:03:00.250' AS DateTime))
INSERT [dbo].[OrderItem] ([orderId], [gameId], [GameFormatCode], [quantity], [lastModified]) VALUES (N'ff2a5929-f914-4a62-9663-155ee0f7855d', N'ead78ac6-fb49-4404-97b6-d1846850019c', N'D', 1, CAST(N'2020-12-08T02:06:37.003' AS DateTime))
INSERT [dbo].[OrderItem] ([orderId], [gameId], [GameFormatCode], [quantity], [lastModified]) VALUES (N'ab0c9aca-fb1f-48ff-bac8-15b2257d5c60', N'5045d14b-21ca-415e-82fa-165f782a7e9c', N'D', 1, CAST(N'2020-12-06T15:36:12.283' AS DateTime))
INSERT [dbo].[OrderItem] ([orderId], [gameId], [GameFormatCode], [quantity], [lastModified]) VALUES (N'261267f7-d9e1-4070-8d1c-184a71a223f0', N'31eca070-e174-11dd-ad8b-0800200c9a66', N'P', 1, CAST(N'2020-12-06T14:29:04.490' AS DateTime))
INSERT [dbo].[OrderItem] ([orderId], [gameId], [GameFormatCode], [quantity], [lastModified]) VALUES (N'261267f7-d9e1-4070-8d1c-184a71a223f0', N'f1809696-82db-4103-80e7-74930f8ecb20', N'P', 1, CAST(N'2020-12-06T14:29:04.490' AS DateTime))
INSERT [dbo].[OrderItem] ([orderId], [gameId], [GameFormatCode], [quantity], [lastModified]) VALUES (N'261267f7-d9e1-4070-8d1c-184a71a223f0', N'71f62f6e-bee5-4ba1-a7a1-df86082880f3', N'D', 3, CAST(N'2020-12-06T14:29:04.490' AS DateTime))
INSERT [dbo].[OrderItem] ([orderId], [gameId], [GameFormatCode], [quantity], [lastModified]) VALUES (N'261267f7-d9e1-4070-8d1c-184a71a223f0', N'f4a73962-ee6e-4120-aa1d-f7917e06ea28', N'D', 2, CAST(N'2020-12-06T14:29:04.480' AS DateTime))
INSERT [dbo].[OrderItem] ([orderId], [gameId], [GameFormatCode], [quantity], [lastModified]) VALUES (N'f766b10f-70a8-4853-9988-1a2dccde0585', N'ead78ac6-fb49-4404-97b6-d1846850019c', N'D', 1, CAST(N'2020-12-08T00:35:16.810' AS DateTime))
INSERT [dbo].[OrderItem] ([orderId], [gameId], [GameFormatCode], [quantity], [lastModified]) VALUES (N'432930cb-4d8d-4333-b1c4-1bd221f96eb1', N'ead78ac6-fb49-4404-97b6-d1846850019c', N'P', 1, CAST(N'2020-12-07T00:26:51.837' AS DateTime))
INSERT [dbo].[OrderItem] ([orderId], [gameId], [GameFormatCode], [quantity], [lastModified]) VALUES (N'74a2adca-244d-4a5e-a695-23503a7ae3a5', N'd4bf60e0-e178-11dd-ad8b-0800200c9a66', N'D', 1, CAST(N'2020-12-08T03:23:05.620' AS DateTime))
INSERT [dbo].[OrderItem] ([orderId], [gameId], [GameFormatCode], [quantity], [lastModified]) VALUES (N'e1f6b95c-12a5-41a3-93f5-29d9eb752962', N'8bcccc74-4182-4ad8-ae1c-9a82c57c3c27', N'P', 1, CAST(N'2020-12-07T17:04:08.097' AS DateTime))
INSERT [dbo].[OrderItem] ([orderId], [gameId], [GameFormatCode], [quantity], [lastModified]) VALUES (N'73e1f4de-b793-4423-ae29-2b4df062eab5', N'5045d14b-21ca-415e-82fa-165f782a7e9c', N'D', 1, CAST(N'2020-12-06T17:09:40.650' AS DateTime))
INSERT [dbo].[OrderItem] ([orderId], [gameId], [GameFormatCode], [quantity], [lastModified]) VALUES (N'777e90f7-4ad9-405a-934b-2b70a8ac509b', N'd4bf60e0-e178-11dd-ad8b-0800200c9a66', N'D', 1, CAST(N'2020-12-08T03:20:08.180' AS DateTime))
INSERT [dbo].[OrderItem] ([orderId], [gameId], [GameFormatCode], [quantity], [lastModified]) VALUES (N'071f9773-ad2c-4525-a3ef-2d8c5b9996db', N'd4bf60e0-e178-11dd-ad8b-0800200c9a66', N'P', 1, CAST(N'2020-12-08T03:06:18.983' AS DateTime))
INSERT [dbo].[OrderItem] ([orderId], [gameId], [GameFormatCode], [quantity], [lastModified]) VALUES (N'b3f5a3bf-8cca-4b3b-98a2-30b59349c3e2', N'ead78ac6-fb49-4404-97b6-d1846850019c', N'D', 1, CAST(N'2020-12-08T02:04:06.563' AS DateTime))
INSERT [dbo].[OrderItem] ([orderId], [gameId], [GameFormatCode], [quantity], [lastModified]) VALUES (N'b46dce94-5ea7-4a30-b702-30f111f7da09', N'd4bf60e0-e178-11dd-ad8b-0800200c9a66', N'D', 1, CAST(N'2020-12-08T03:05:04.273' AS DateTime))
INSERT [dbo].[OrderItem] ([orderId], [gameId], [GameFormatCode], [quantity], [lastModified]) VALUES (N'5f01ff02-817a-4d3f-a3ce-3135ca6ea162', N'9aaf8ce2-88ec-4813-97aa-0b4420ddf970', N'D', 1, CAST(N'2020-12-06T15:51:05.783' AS DateTime))
INSERT [dbo].[OrderItem] ([orderId], [gameId], [GameFormatCode], [quantity], [lastModified]) VALUES (N'5f01ff02-817a-4d3f-a3ce-3135ca6ea162', N'5045d14b-21ca-415e-82fa-165f782a7e9c', N'P', 2, CAST(N'2020-12-06T15:51:05.790' AS DateTime))
INSERT [dbo].[OrderItem] ([orderId], [gameId], [GameFormatCode], [quantity], [lastModified]) VALUES (N'5f01ff02-817a-4d3f-a3ce-3135ca6ea162', N'62dbf61f-2a37-4afb-99ea-28ed38142581', N'D', 1, CAST(N'2020-12-06T15:51:05.747' AS DateTime))
INSERT [dbo].[OrderItem] ([orderId], [gameId], [GameFormatCode], [quantity], [lastModified]) VALUES (N'5f01ff02-817a-4d3f-a3ce-3135ca6ea162', N'b1835a65-5be0-4193-9ff4-2ab86c6fed88', N'D', 1, CAST(N'2020-12-06T15:51:05.780' AS DateTime))
INSERT [dbo].[OrderItem] ([orderId], [gameId], [GameFormatCode], [quantity], [lastModified]) VALUES (N'a40f7ee3-5bb9-4053-ac72-35815a2c00f7', N'd4bf60e0-e178-11dd-ad8b-0800200c9a66', N'P', 1, CAST(N'2020-12-08T03:23:15.970' AS DateTime))
INSERT [dbo].[OrderItem] ([orderId], [gameId], [GameFormatCode], [quantity], [lastModified]) VALUES (N'83404c94-e217-4546-9c3b-3a9ba9fdc77a', N'd4bf60e0-e178-11dd-ad8b-0800200c9a66', N'P', 1, CAST(N'2020-12-08T02:59:41.573' AS DateTime))
INSERT [dbo].[OrderItem] ([orderId], [gameId], [GameFormatCode], [quantity], [lastModified]) VALUES (N'daa78c04-43d0-4a55-96a8-3ac9b5e59c8d', N'ead78ac6-fb49-4404-97b6-d1846850019c', N'D', 1, CAST(N'2020-12-08T01:47:31.167' AS DateTime))
INSERT [dbo].[OrderItem] ([orderId], [gameId], [GameFormatCode], [quantity], [lastModified]) VALUES (N'951fa64c-80e5-4d49-846b-3bf5e61ba05d', N'd4bf60e0-e178-11dd-ad8b-0800200c9a66', N'D', 1, CAST(N'2020-12-06T15:55:48.600' AS DateTime))
INSERT [dbo].[OrderItem] ([orderId], [gameId], [GameFormatCode], [quantity], [lastModified]) VALUES (N'86a8941e-c083-4fa7-b6ad-40f68b9762ec', N'ead78ac6-fb49-4404-97b6-d1846850019c', N'D', 1, CAST(N'2020-12-08T02:59:21.650' AS DateTime))
INSERT [dbo].[OrderItem] ([orderId], [gameId], [GameFormatCode], [quantity], [lastModified]) VALUES (N'4cca7be7-3fd7-4b64-8006-41554593c180', N'ead78ac6-fb49-4404-97b6-d1846850019c', N'D', 1, CAST(N'2020-12-08T03:22:54.300' AS DateTime))
INSERT [dbo].[OrderItem] ([orderId], [gameId], [GameFormatCode], [quantity], [lastModified]) VALUES (N'eef7e0ff-320d-4f7c-b6cd-4664b4f43e65', N'ead78ac6-fb49-4404-97b6-d1846850019c', N'D', 1, CAST(N'2020-12-08T03:19:58.747' AS DateTime))
INSERT [dbo].[OrderItem] ([orderId], [gameId], [GameFormatCode], [quantity], [lastModified]) VALUES (N'fb580d46-f278-4011-9514-498de0225a0e', N'9f080480-e17c-11dd-ad8b-0800200c9a66', N'P', 1, CAST(N'2020-12-06T15:02:13.907' AS DateTime))
INSERT [dbo].[OrderItem] ([orderId], [gameId], [GameFormatCode], [quantity], [lastModified]) VALUES (N'bd466e6d-9530-4fb8-abb5-4aa754eb1c62', N'd4bf60e0-e178-11dd-ad8b-0800200c9a66', N'P', 1, CAST(N'2020-12-08T02:53:12.427' AS DateTime))
INSERT [dbo].[OrderItem] ([orderId], [gameId], [GameFormatCode], [quantity], [lastModified]) VALUES (N'0768feac-f6a1-48a5-bdde-4fd1e3119b96', N'd4bf60e0-e178-11dd-ad8b-0800200c9a66', N'P', 1, CAST(N'2020-12-08T03:08:18.170' AS DateTime))
INSERT [dbo].[OrderItem] ([orderId], [gameId], [GameFormatCode], [quantity], [lastModified]) VALUES (N'f6e2cf31-e876-4a1e-bffa-5c9bb92a2c86', N'd4bf60e0-e178-11dd-ad8b-0800200c9a66', N'D', 1, CAST(N'2020-12-08T02:09:20.567' AS DateTime))
INSERT [dbo].[OrderItem] ([orderId], [gameId], [GameFormatCode], [quantity], [lastModified]) VALUES (N'7a327683-36d3-4882-9a65-625246661b2e', N'd4bf60e0-e178-11dd-ad8b-0800200c9a66', N'D', 1, CAST(N'2020-12-08T02:06:54.603' AS DateTime))
INSERT [dbo].[OrderItem] ([orderId], [gameId], [GameFormatCode], [quantity], [lastModified]) VALUES (N'4005d724-20dc-4b08-8768-625c6f5b7d7b', N'd4bf60e0-e178-11dd-ad8b-0800200c9a66', N'P', 1, CAST(N'2020-12-08T03:22:32.610' AS DateTime))
INSERT [dbo].[OrderItem] ([orderId], [gameId], [GameFormatCode], [quantity], [lastModified]) VALUES (N'7a60de05-2149-4906-87e3-6d12460cb6c5', N'd4bf60e0-e178-11dd-ad8b-0800200c9a66', N'D', 1, CAST(N'2020-12-08T02:07:36.517' AS DateTime))
INSERT [dbo].[OrderItem] ([orderId], [gameId], [GameFormatCode], [quantity], [lastModified]) VALUES (N'f1ec2de8-9d13-42b0-844c-72c38c028a54', N'd4bf60e0-e178-11dd-ad8b-0800200c9a66', N'P', 1, CAST(N'2020-12-08T02:49:30.937' AS DateTime))
INSERT [dbo].[OrderItem] ([orderId], [gameId], [GameFormatCode], [quantity], [lastModified]) VALUES (N'ed873cdd-a8e9-4b1f-86d9-7dc9f2b5d9a5', N'd4bf60e0-e178-11dd-ad8b-0800200c9a66', N'P', 1, CAST(N'2020-12-08T02:58:40.053' AS DateTime))
INSERT [dbo].[OrderItem] ([orderId], [gameId], [GameFormatCode], [quantity], [lastModified]) VALUES (N'5a2429de-e903-4382-94fe-89813ec126fc', N'd4bf60e0-e178-11dd-ad8b-0800200c9a66', N'P', 1, CAST(N'2020-12-08T02:44:09.840' AS DateTime))
INSERT [dbo].[OrderItem] ([orderId], [gameId], [GameFormatCode], [quantity], [lastModified]) VALUES (N'3ce623d3-5fbc-458b-b503-8a812f9b26cc', N'ead78ac6-fb49-4404-97b6-d1846850019c', N'D', 1, CAST(N'2020-12-08T02:55:25.910' AS DateTime))
INSERT [dbo].[OrderItem] ([orderId], [gameId], [GameFormatCode], [quantity], [lastModified]) VALUES (N'e8c24556-b3bc-4db9-a7a5-8b064cc487b4', N'ead78ac6-fb49-4404-97b6-d1846850019c', N'D', 1, CAST(N'2020-12-07T20:20:33.060' AS DateTime))
INSERT [dbo].[OrderItem] ([orderId], [gameId], [GameFormatCode], [quantity], [lastModified]) VALUES (N'41e4084f-5998-463a-bbfa-918fa03e5351', N'ead78ac6-fb49-4404-97b6-d1846850019c', N'D', 1, CAST(N'2020-12-08T02:53:25.627' AS DateTime))
INSERT [dbo].[OrderItem] ([orderId], [gameId], [GameFormatCode], [quantity], [lastModified]) VALUES (N'081996b1-35eb-428d-ba57-91efa2b8610b', N'9f080480-e17c-11dd-ad8b-0800200c9a66', N'P', 1, CAST(N'2020-12-06T17:43:29.363' AS DateTime))
INSERT [dbo].[OrderItem] ([orderId], [gameId], [GameFormatCode], [quantity], [lastModified]) VALUES (N'081996b1-35eb-428d-ba57-91efa2b8610b', N'5045d14b-21ca-415e-82fa-165f782a7e9c', N'D', 1, CAST(N'2020-12-06T17:43:29.330' AS DateTime))
INSERT [dbo].[OrderItem] ([orderId], [gameId], [GameFormatCode], [quantity], [lastModified]) VALUES (N'9fc97ebc-3c50-45d0-9a43-949a35abbde9', N'5045d14b-21ca-415e-82fa-165f782a7e9c', N'D', 6, CAST(N'2020-12-06T14:34:57.090' AS DateTime))
INSERT [dbo].[OrderItem] ([orderId], [gameId], [GameFormatCode], [quantity], [lastModified]) VALUES (N'b5e87574-058a-45a7-83ee-97119ad9153e', N'd4bf60e0-e178-11dd-ad8b-0800200c9a66', N'P', 1, CAST(N'2020-12-08T02:45:20.510' AS DateTime))
INSERT [dbo].[OrderItem] ([orderId], [gameId], [GameFormatCode], [quantity], [lastModified]) VALUES (N'1a0db17d-3ff3-407d-a572-9a43ceaf94e4', N'ead78ac6-fb49-4404-97b6-d1846850019c', N'D', 1, CAST(N'2020-12-08T03:05:26.137' AS DateTime))
INSERT [dbo].[OrderItem] ([orderId], [gameId], [GameFormatCode], [quantity], [lastModified]) VALUES (N'8679114f-a5cc-4a19-92ac-a8005a854a4d', N'd4bf60e0-e178-11dd-ad8b-0800200c9a66', N'D', 1, CAST(N'2020-12-08T02:36:06.673' AS DateTime))
INSERT [dbo].[OrderItem] ([orderId], [gameId], [GameFormatCode], [quantity], [lastModified]) VALUES (N'97b29912-3e67-4366-b532-aae990d9375a', N'd4bf60e0-e178-11dd-ad8b-0800200c9a66', N'D', 1, CAST(N'2020-12-08T02:10:02.353' AS DateTime))
INSERT [dbo].[OrderItem] ([orderId], [gameId], [GameFormatCode], [quantity], [lastModified]) VALUES (N'0022a815-395f-40e9-8014-ad32fbaa3e06', N'd4bf60e0-e178-11dd-ad8b-0800200c9a66', N'D', 1, CAST(N'2020-12-08T01:47:16.833' AS DateTime))
INSERT [dbo].[OrderItem] ([orderId], [gameId], [GameFormatCode], [quantity], [lastModified]) VALUES (N'22c6b1aa-ff10-4353-b239-aeb893dfa855', N'3c1d679e-4368-484e-abf1-516d31cd25bd', N'P', 1, CAST(N'2020-12-08T17:17:21.267' AS DateTime))
INSERT [dbo].[OrderItem] ([orderId], [gameId], [GameFormatCode], [quantity], [lastModified]) VALUES (N'6e30c6fc-a310-4a72-b521-b6a1722b1a12', N'd9ab9e45-79de-40aa-8da6-53711935ef06', N'P', 1, CAST(N'2020-12-06T15:39:21.367' AS DateTime))
INSERT [dbo].[OrderItem] ([orderId], [gameId], [GameFormatCode], [quantity], [lastModified]) VALUES (N'73630997-6c2d-42e8-98b4-b941135c66a2', N'd4bf60e0-e178-11dd-ad8b-0800200c9a66', N'P', 1, CAST(N'2020-12-06T23:17:11.630' AS DateTime))
INSERT [dbo].[OrderItem] ([orderId], [gameId], [GameFormatCode], [quantity], [lastModified]) VALUES (N'73630997-6c2d-42e8-98b4-b941135c66a2', N'd5e1ab1c-f83e-4572-b02d-f786ba2cced1', N'D', 1, CAST(N'2020-12-06T23:17:11.580' AS DateTime))
INSERT [dbo].[OrderItem] ([orderId], [gameId], [GameFormatCode], [quantity], [lastModified]) VALUES (N'4bea6c20-866e-4262-b159-ba5a85637f44', N'5045d14b-21ca-415e-82fa-165f782a7e9c', N'D', 1, CAST(N'2020-12-08T00:49:48.380' AS DateTime))
INSERT [dbo].[OrderItem] ([orderId], [gameId], [GameFormatCode], [quantity], [lastModified]) VALUES (N'4bea6c20-866e-4262-b159-ba5a85637f44', N'ead78ac6-fb49-4404-97b6-d1846850019c', N'D', 1, CAST(N'2020-12-08T00:49:48.387' AS DateTime))
INSERT [dbo].[OrderItem] ([orderId], [gameId], [GameFormatCode], [quantity], [lastModified]) VALUES (N'676e4365-a0c8-465b-9193-c0e5233aeb2c', N'ead78ac6-fb49-4404-97b6-d1846850019c', N'D', 1, CAST(N'2020-12-06T17:54:29.163' AS DateTime))
INSERT [dbo].[OrderItem] ([orderId], [gameId], [GameFormatCode], [quantity], [lastModified]) VALUES (N'22aaf691-d5dc-49f6-ae27-c871f66c7565', N'ead78ac6-fb49-4404-97b6-d1846850019c', N'D', 1, CAST(N'2020-12-08T02:49:52.397' AS DateTime))
INSERT [dbo].[OrderItem] ([orderId], [gameId], [GameFormatCode], [quantity], [lastModified]) VALUES (N'c64f6db8-feaa-4aca-9de9-ceb775f1ca30', N'd4bf60e0-e178-11dd-ad8b-0800200c9a66', N'P', 1, CAST(N'2020-12-08T02:36:26.080' AS DateTime))
INSERT [dbo].[OrderItem] ([orderId], [gameId], [GameFormatCode], [quantity], [lastModified]) VALUES (N'1b9042c3-7db6-4ab7-8100-d09fdf70a809', N'ead78ac6-fb49-4404-97b6-d1846850019c', N'D', 1, CAST(N'2020-12-08T01:47:07.607' AS DateTime))
INSERT [dbo].[OrderItem] ([orderId], [gameId], [GameFormatCode], [quantity], [lastModified]) VALUES (N'd4c927b3-0eb0-4507-840e-db0c89fa6c44', N'd4bf60e0-e178-11dd-ad8b-0800200c9a66', N'D', 1, CAST(N'2020-12-08T02:43:50.163' AS DateTime))
INSERT [dbo].[OrderItem] ([orderId], [gameId], [GameFormatCode], [quantity], [lastModified]) VALUES (N'4cc471eb-14c6-4e44-ace2-dec4dea325ae', N'd4bf60e0-e178-11dd-ad8b-0800200c9a66', N'P', 1, CAST(N'2020-12-08T02:35:46.680' AS DateTime))
INSERT [dbo].[OrderItem] ([orderId], [gameId], [GameFormatCode], [quantity], [lastModified]) VALUES (N'd62263f7-4d3a-4909-b1b6-e01fdb07a31e', N'ead78ac6-fb49-4404-97b6-d1846850019c', N'D', 1, CAST(N'2020-12-08T02:02:02.397' AS DateTime))
INSERT [dbo].[OrderItem] ([orderId], [gameId], [GameFormatCode], [quantity], [lastModified]) VALUES (N'056df029-d38c-4059-9aaf-e5ca0d930049', N'18846826-8c5f-4337-9414-f4fb7088ad94', N'P', 1, CAST(N'2020-12-06T17:53:58.890' AS DateTime))
INSERT [dbo].[OrderItem] ([orderId], [gameId], [GameFormatCode], [quantity], [lastModified]) VALUES (N'7ed65fd6-5860-4e7d-abf7-e72ddc496f57', N'd4bf60e0-e178-11dd-ad8b-0800200c9a66', N'P', 1, CAST(N'2020-12-08T02:59:12.730' AS DateTime))
INSERT [dbo].[OrderItem] ([orderId], [gameId], [GameFormatCode], [quantity], [lastModified]) VALUES (N'cd747000-a2ad-4424-a801-e734838b6c10', N'd4bf60e0-e178-11dd-ad8b-0800200c9a66', N'D', 1, CAST(N'2020-12-08T02:06:45.733' AS DateTime))
INSERT [dbo].[OrderItem] ([orderId], [gameId], [GameFormatCode], [quantity], [lastModified]) VALUES (N'1258d30e-9085-4eb2-8e69-e914d3c2306f', N'd4bf60e0-e178-11dd-ad8b-0800200c9a66', N'P', 1, CAST(N'2020-12-08T03:09:10.540' AS DateTime))
INSERT [dbo].[OrderItem] ([orderId], [gameId], [GameFormatCode], [quantity], [lastModified]) VALUES (N'661c2914-fcd7-4dc8-b86e-f2e1fe8c7d97', N'd4bf60e0-e178-11dd-ad8b-0800200c9a66', N'P', 1, CAST(N'2020-12-08T02:53:44.520' AS DateTime))
INSERT [dbo].[OrderItem] ([orderId], [gameId], [GameFormatCode], [quantity], [lastModified]) VALUES (N'c5284441-9c7b-4641-93a9-f5bb9351e6ef', N'd4bf60e0-e178-11dd-ad8b-0800200c9a66', N'D', 1, CAST(N'2020-12-08T03:20:17.840' AS DateTime))
INSERT [dbo].[OrderItem] ([orderId], [gameId], [GameFormatCode], [quantity], [lastModified]) VALUES (N'742be155-4bad-4c5b-8525-fd9da48af88f', N'd4bf60e0-e178-11dd-ad8b-0800200c9a66', N'P', 1, CAST(N'2020-12-08T02:43:31.737' AS DateTime))
INSERT [dbo].[__EFMigrationsHistory] ([MigrationId], [ProductVersion]) VALUES (N'20201126013540_remakeDB', N'2.2.6-servicing-10079')
